{
	"credit": "Made with Blockbench",
	"texture_size": [32, 32],
	"textures": {
		"0": "block/amethyst_cluster",
		"particle": "#0"
	},
	"elements": [
		{
			"from": [6.5, 1, 6.5],
			"to": [9.5, 4, 9.5],
			"faces": {
				"north": {"uv": [1.5, 11.5, 3, 13], "texture": "#0"},
				"east": {"uv": [3, 13, 4.5, 14.5], "texture": "#0"},
				"south": {"uv": [1.5, 14.5, 3, 16], "texture": "#0"},
				"west": {"uv": [0, 13, 1.5, 14.5], "texture": "#0"},
				"up": {"uv": [1.5, 13, 3, 14.5], "texture": "#0"},
				"down": {"uv": [0, 0, 3, 3], "texture": "#missing"}
			}
		},
		{
			"from": [2, 2, 2],
			"to": [3, 3, 5],
			"faces": {
				"north": {"uv": [14, 0, 14.5, 0.5], "texture": "#0"},
				"east": {"uv": [13, 0, 14.5, 0.5], "texture": "#0"},
				"south": {"uv": [8.5, 0, 9, 0.5], "texture": "#0"},
				"west": {"uv": [8.5, 0, 10, 0.5], "texture": "#0"},
				"up": {"uv": [0.5, 0.5, 1, 2], "texture": "#0"},
				"down": {"uv": [0.5, 5, 1, 6.5], "texture": "#0"}
			}
		},
		{
			"from": [2, 2, 11],
			"to": [3, 3, 14],
			"faces": {
				"north": {"uv": [14, 0, 14.5, 0.5], "texture": "#0"},
				"east": {"uv": [8.5, 0, 10, 0.5], "texture": "#0"},
				"south": {"uv": [9, 0, 8.5, 0.5], "texture": "#0"},
				"west": {"uv": [13, 0, 14.5, 0.5], "texture": "#0"},
				"up": {"uv": [0.5, 5, 1, 6.5], "texture": "#0"},
				"down": {"uv": [0.5, 0.5, 1, 2], "texture": "#0"}
			}
		},
		{
			"from": [3, 2, 2],
			"to": [5, 3, 3],
			"faces": {
				"north": {"uv": [13, 0, 14, 0.5], "texture": "#0"},
				"east": {"uv": [14, 0, 14.5, 0.5], "texture": "#0"},
				"south": {"uv": [9, 0, 10, 0.5], "texture": "#0"},
				"west": {"uv": [0, 0, 0.5, 0.5], "texture": "#missing"},
				"up": {"uv": [1, 0.5, 2, 1], "texture": "#0"},
				"down": {"uv": [1, 6, 2, 6.5], "texture": "#0"}
			}
		},
		{
			"from": [3, 2, 13],
			"to": [5, 3, 14],
			"faces": {
				"north": {"uv": [13, 0, 14, 0.5], "texture": "#0"},
				"east": {"uv": [8.5, 0, 9, 0.5], "texture": "#0"},
				"south": {"uv": [9, 0, 9.5, 0.5], "texture": "#0"},
				"west": {"uv": [0, 0, 1, 1], "texture": "#missing"},
				"up": {"uv": [1, 6, 2, 6.5], "texture": "#0"},
				"down": {"uv": [1, 0.5, 2, 1], "texture": "#0"}
			}
		},
		{
			"from": [11, 2, 2],
			"to": [13, 3, 3],
			"faces": {
				"north": {"uv": [9, 0, 10, 0.5], "texture": "#0"},
				"east": {"uv": [0, 0, 0.5, 0.5], "texture": "#missing"},
				"south": {"uv": [13, 0, 14, 0.5], "texture": "#0"},
				"west": {"uv": [8.5, 0, 9, 0.5], "texture": "#0"},
				"up": {"uv": [5, 0.5, 6, 1], "texture": "#0"},
				"down": {"uv": [5, 6, 6, 6.5], "texture": "#0"}
			}
		},
		{
			"from": [11, 2, 13],
			"to": [13, 3, 14],
			"faces": {
				"north": {"uv": [9, 0, 10, 0.5], "texture": "#0"},
				"east": {"uv": [0, 0, 1, 1], "texture": "#missing"},
				"south": {"uv": [13.5, 0, 14, 0.5], "texture": "#0"},
				"west": {"uv": [14, 0, 14.5, 0.5], "texture": "#0"},
				"up": {"uv": [5, 6, 6, 6.5], "texture": "#0"},
				"down": {"uv": [5, 0.5, 6, 1], "texture": "#0"}
			}
		},
		{
			"from": [3, 1, 4],
			"to": [4, 2, 12],
			"faces": {
				"north": {"uv": [0, 0, 1, 1], "texture": "#0"},
				"east": {"uv": [9.5, 0.5, 13.5, 1], "texture": "#0"},
				"south": {"uv": [0, 0, 1, 1], "texture": "#missing"},
				"west": {"uv": [9.5, 0.5, 13.5, 1], "texture": "#0"},
				"up": {"uv": [1, 1.5, 1.5, 5.5], "texture": "#0"},
				"down": {"uv": [1, 1.5, 1.5, 5.5], "texture": "#0"}
			}
		},
		{
			"from": [1, 2, 4],
			"to": [2, 3, 12],
			"faces": {
				"north": {"uv": [14.5, 0, 15, 0.5], "texture": "#0"},
				"east": {"uv": [9.5, 0, 13.5, 0.5], "texture": "#0"},
				"south": {"uv": [8, 0, 8.5, 0.5], "texture": "#0"},
				"west": {"uv": [9.5, 0, 13.5, 0.5], "texture": "#0"},
				"up": {"uv": [0, 1.5, 0.5, 5.5], "texture": "#0"},
				"down": {"uv": [0, 1.5, 0.5, 5.5], "texture": "#0"}
			}
		},
		{
			"from": [2, 1, 5],
			"to": [3, 2, 11],
			"faces": {
				"north": {"uv": [14, 0.5, 14.5, 1], "texture": "#0"},
				"east": {"uv": [0, 0, 6, 1], "texture": "#missing"},
				"south": {"uv": [8.5, 0.5, 9, 1], "texture": "#0"},
				"west": {"uv": [9.5, 0.5, 13.5, 1], "texture": "#0"},
				"up": {"uv": [0.5, 2, 1, 5], "texture": "#0"},
				"down": {"uv": [0.5, 2, 1, 5], "texture": "#0"}
			}
		},
		{
			"from": [4, 2, 14],
			"to": [12, 3, 15],
			"faces": {
				"north": {"uv": [9.5, 0, 13.5, 0.5], "texture": "#0"},
				"east": {"uv": [8, 0, 8.5, 0.5], "texture": "#0"},
				"south": {"uv": [9.5, 0, 13.5, 0.5], "texture": "#0"},
				"west": {"uv": [14.5, 0, 15, 0.5], "texture": "#0"},
				"up": {"uv": [1.5, 6.5, 5.5, 7], "texture": "#0"},
				"down": {"uv": [1.5, 0, 5.5, 0.5], "texture": "#0"}
			}
		},
		{
			"from": [13, 2, 11],
			"to": [14, 3, 14],
			"faces": {
				"north": {"uv": [8.5, 0, 9, 0.5], "texture": "#0"},
				"east": {"uv": [8.5, 0, 10, 0.5], "texture": "#0"},
				"south": {"uv": [14.5, 0, 14, 0.5], "texture": "#0"},
				"west": {"uv": [13, 0, 14.5, 0.5], "texture": "#0"},
				"up": {"uv": [6, 5, 6.5, 6.5], "texture": "#0"},
				"down": {"uv": [6, 0.5, 6.5, 2], "texture": "#0"}
			}
		},
		{
			"from": [14, 2, 4],
			"to": [15, 3, 12],
			"faces": {
				"north": {"uv": [8, 0, 8.5, 0.5], "texture": "#0"},
				"east": {"uv": [9.5, 0, 13.5, 0.5], "texture": "#0"},
				"south": {"uv": [15, 0, 14.5, 0.5], "texture": "#0"},
				"west": {"uv": [9.5, 0, 13.5, 0.5], "texture": "#0"},
				"up": {"uv": [6.5, 1.5, 7, 5.5], "texture": "#0"},
				"down": {"uv": [6.5, 1.5, 7, 5.5], "texture": "#0"}
			}
		},
		{
			"from": [13, 2, 2],
			"to": [14, 3, 5],
			"faces": {
				"north": {"uv": [8.5, 0, 9, 0.5], "texture": "#0"},
				"east": {"uv": [13, 0, 14.5, 0.5], "texture": "#0"},
				"south": {"uv": [14, 0, 14.5, 0.5], "texture": "#0"},
				"west": {"uv": [8.5, 0, 10, 0.5], "texture": "#0"},
				"up": {"uv": [6, 0.5, 6.5, 2], "texture": "#0"},
				"down": {"uv": [6, 5, 6.5, 6.5], "texture": "#0"}
			}
		},
		{
			"from": [4, 2, 1],
			"to": [12, 3, 2],
			"faces": {
				"north": {"uv": [9.5, 0, 13.5, 0.5], "texture": "#0"},
				"east": {"uv": [14.5, 0, 15, 0.5], "texture": "#0"},
				"south": {"uv": [9.5, 0, 13.5, 0.5], "texture": "#0"},
				"west": {"uv": [8, 0, 8.5, 0.5], "texture": "#0"},
				"up": {"uv": [1.5, 0, 5.5, 0.5], "texture": "#0"},
				"down": {"uv": [1.5, 6.5, 5.5, 7], "texture": "#0"}
			}
		},
		{
			"from": [5, 1, 2],
			"to": [11, 2, 3],
			"faces": {
				"north": {"uv": [10, 0.5, 13, 1], "texture": "#0"},
				"east": {"uv": [14, 0.5, 14.5, 1], "texture": "#0"},
				"south": {"uv": [0, 0, 6, 1], "texture": "#missing"},
				"west": {"uv": [8.5, 0.5, 9, 1], "texture": "#0"},
				"up": {"uv": [2, 0.5, 5, 1], "texture": "#0"},
				"down": {"uv": [2, 6, 5, 6.5], "texture": "#0"}
			}
		},
		{
			"from": [3, 1, 3],
			"to": [13, 2, 4],
			"faces": {
				"north": {"uv": [9, 0.5, 14, 1], "texture": "#0"},
				"east": {"uv": [13.5, 0.5, 14, 1], "texture": "#0"},
				"south": {"uv": [9, 0.5, 14, 1], "texture": "#0"},
				"west": {"uv": [9, 0.5, 9.5, 1], "texture": "#0"},
				"up": {"uv": [1, 1, 6, 1.5], "texture": "#0"},
				"down": {"uv": [1, 5.5, 6, 6], "texture": "#0"}
			}
		},
		{
			"from": [12, 1, 4],
			"to": [13, 2, 12],
			"faces": {
				"north": {"uv": [0, 0, 1, 1], "texture": "#missing"},
				"east": {"uv": [9.5, 0.5, 13.5, 1], "texture": "#0"},
				"south": {"uv": [0, 0, 1, 1], "texture": "#missing"},
				"west": {"uv": [9.5, 0.5, 13.5, 1], "texture": "#0"},
				"up": {"uv": [5.5, 1.5, 6, 5.5], "texture": "#0"},
				"down": {"uv": [5.5, 1.5, 6, 5.5], "texture": "#0"}
			}
		},
		{
			"from": [13, 1, 5],
			"to": [14, 2, 11],
			"faces": {
				"north": {"uv": [8.5, 0.5, 9, 1], "texture": "#0"},
				"east": {"uv": [10, 0.5, 13, 1], "texture": "#0"},
				"south": {"uv": [14, 0.5, 14.5, 1], "texture": "#0"},
				"west": {"uv": [0, 0, 6, 1], "texture": "#missing"},
				"up": {"uv": [6, 2, 6.5, 5], "texture": "#0"},
				"down": {"uv": [6, 2, 6.5, 5], "texture": "#0"}
			}
		},
		{
			"from": [3, 1, 12],
			"to": [13, 2, 13],
			"faces": {
				"north": {"uv": [9, 0.5, 14, 1], "texture": "#0"},
				"east": {"uv": [9, 0.5, 9.5, 1], "texture": "#0"},
				"south": {"uv": [9, 0.5, 14, 1], "texture": "#0"},
				"west": {"uv": [13.5, 0.5, 14, 1], "texture": "#0"},
				"up": {"uv": [1, 5.5, 6, 6], "texture": "#0"},
				"down": {"uv": [1, 1, 6, 1.5], "texture": "#0"}
			}
		},
		{
			"from": [5, 1, 13],
			"to": [11, 2, 14],
			"faces": {
				"north": {"uv": [0, 0, 6, 1], "texture": "#missing"},
				"east": {"uv": [8.5, 0.5, 9, 1], "texture": "#0"},
				"south": {"uv": [9, 0.5, 14, 1], "texture": "#0"},
				"west": {"uv": [14, 0.5, 14.5, 1], "texture": "#0"},
				"up": {"uv": [2, 6, 5, 6.5], "texture": "#0"},
				"down": {"uv": [2, 0.5, 5, 1], "texture": "#0"}
			}
		},
		{
			"from": [4, 0, 4],
			"to": [12, 1, 12],
			"faces": {
				"north": {"uv": [9.5, 1, 13.5, 1.5], "texture": "#0"},
				"east": {"uv": [9.5, 1, 13.5, 1.5], "texture": "#0"},
				"south": {"uv": [9.5, 1, 13.5, 1.5], "texture": "#0"},
				"west": {"uv": [9.5, 1, 13.5, 1.5], "texture": "#0"},
				"up": {"uv": [1.5, 1.5, 5.5, 5.5], "texture": "#0"},
				"down": {"uv": [1.5, 1.5, 5.5, 5.5], "texture": "#0"}
			}
		}
	],
	"display": {},
	"groups": [
		0,
		{
			"name": "Top Ring",
			"origin": [8, 8, 8],
			"color": 0,
			"children": [1, 2, 3, 4, 5, 6]
		},
		{
			"name": "Middle",
			"origin": [8, 8, 8],
			"color": 0,
			"children": [7, 8, 9]
		},
		{
			"name": "group",
			"origin": [0, 0, 0],
			"color": 0,
			"children": [10, 11, 12, 13, 14, 15, 16, 17, 18, 19, 20, 21]
		}
	]
}