{
	"credit": "Made with Blockbench",
	"textures": {
		"0": "block/cocoa_stage1",
		"particle": "block/cocoa_stage1"
	},
	"elements": [
		{
			"from": [7, 0, 14.5],
			"to": [9, 4.5, 15.5],
			"rotation": {"angle": 0, "axis": "x", "origin": [16, 0, 15.5]},
			"faces": {
				"north": {"uv": [7, 11, 9, 15.5], "texture": "#0"},
				"east": {"uv": [8, 11, 9, 15.5], "texture": "#0"},
				"south": {"uv": [7, 11, 9, 15.5], "texture": "#0"},
				"west": {"uv": [7, 11, 8, 15.5], "texture": "#0"},
				"up": {"uv": [7, 11, 9, 12], "rotation": 180, "texture": "#0"},
				"down": {"uv": [7, 15, 9, 16], "rotation": 180, "texture": "#0"}
			}
		},
		{
			"from": [7, 3.25, 8.75],
			"to": [9, 4.25, 13.75],
			"rotation": {"angle": 22.5, "axis": "x", "origin": [16, 0, 15.5]},
			"faces": {
				"north": {"uv": [7, 6, 9, 7], "texture": "#0"},
				"east": {"uv": [8, 6, 9, 11], "rotation": 90, "texture": "#0"},
				"south": {"uv": [7, 10, 9, 11], "texture": "#0"},
				"west": {"uv": [7, 6, 8, 11], "rotation": 270, "texture": "#0"},
				"up": {"uv": [7, 6, 9, 11], "texture": "#0"},
				"down": {"uv": [7, 6, 9, 11], "rotation": 180, "texture": "#0"}
			}
		},
		{
			"from": [11.25, 0, 14.25],
			"to": [12.75, 0.5, 15.75],
			"rotation": {"angle": 0, "axis": "x", "origin": [16, 0, 16]},
			"faces": {
				"north": {"uv": [2, 15.5, 3.5, 16], "texture": "#0"},
				"east": {"uv": [2, 15.5, 3.5, 16], "texture": "#0"},
				"south": {"uv": [2, 15.5, 3.5, 16], "texture": "#0"},
				"west": {"uv": [2, 15.5, 3.5, 16], "texture": "#0"},
				"up": {"uv": [2.25, 12.25, 3.75, 13.75], "rotation": 180, "texture": "#0"},
				"down": {"uv": [2.25, 12.25, 3.75, 13.75], "rotation": 180, "texture": "#0"}
			}
		},
		{
			"from": [11, 0.5, 14],
			"to": [13, 1.5, 16],
			"rotation": {"angle": 0, "axis": "x", "origin": [16, 0, 16]},
			"faces": {
				"north": {"uv": [2, 14, 4, 15], "texture": "#0"},
				"east": {"uv": [2, 14, 4, 15], "texture": "#0"},
				"south": {"uv": [2, 14, 4, 15], "texture": "#0"},
				"west": {"uv": [2, 14, 4, 15], "texture": "#0"},
				"up": {"uv": [2, 12, 4, 14], "rotation": 180, "texture": "#0"},
				"down": {"uv": [2, 12, 4, 14], "rotation": 180, "texture": "#0"}
			}
		},
		{
			"from": [3.25, 0, 14.25],
			"to": [4.75, 0.5, 15.75],
			"rotation": {"angle": 0, "axis": "x", "origin": [16, 0, 16]},
			"faces": {
				"north": {"uv": [12, 15.5, 13.5, 16], "texture": "#0"},
				"east": {"uv": [12, 15.5, 13.5, 16], "texture": "#0"},
				"south": {"uv": [12, 15.5, 13.5, 16], "texture": "#0"},
				"west": {"uv": [12, 15.5, 13.5, 16], "texture": "#0"},
				"up": {"uv": [12.25, 12.25, 13.75, 13.75], "rotation": 180, "texture": "#0"},
				"down": {"uv": [12.25, 12.25, 13.75, 13.75], "rotation": 180, "texture": "#0"}
			}
		},
		{
			"from": [3, 0.5, 14],
			"to": [5, 1.5, 16],
			"rotation": {"angle": 0, "axis": "x", "origin": [16, 0, 16]},
			"faces": {
				"north": {"uv": [12, 14, 14, 15], "texture": "#0"},
				"east": {"uv": [12, 14, 14, 15], "texture": "#0"},
				"south": {"uv": [12, 14, 14, 15], "texture": "#0"},
				"west": {"uv": [12, 14, 14, 15], "texture": "#0"},
				"up": {"uv": [12, 12, 14, 14], "rotation": 180, "texture": "#0"},
				"down": {"uv": [12, 12, 14, 14], "rotation": 180, "texture": "#0"}
			}
		},
		{
			"from": [7.5, 3, 9.25],
			"to": [8.5, 3.25, 10.25],
			"rotation": {"angle": 22.5, "axis": "x", "origin": [16, 0, 15.5]},
			"faces": {
				"north": {"uv": [7, 0, 8, 0.25], "texture": "#0"},
				"east": {"uv": [7, 0, 8, 0.25], "texture": "#0"},
				"south": {"uv": [7, 0, 8, 0.25], "texture": "#0"},
				"west": {"uv": [7, 0, 8, 0.25], "texture": "#0"},
				"up": {"uv": [8, 0, 9, 1], "rotation": 180, "texture": "#0"},
				"down": {"uv": [8, 0, 9, 1], "rotation": 180, "texture": "#0"}
			}
		}
	]
}