{
  "parent": "minecraft:block/cube_all",
  "textures": {
		"0": "omega:textures/block/furniture/blackchair",
		"particle": "omega:textures/block/furniture/blackchair"
	},
	"elements": [
		{
			"name": "leg",
			"from": [0, 0, 0],
			"to": [2, 1, 2],
			"faces": {
				"north": {"uv": [9, 8, 9.5, 8.25], "texture": "#0"},
				"east": {"uv": [9.25, 5.25, 9.75, 5.5], "texture": "#0"},
				"south": {"uv": [9.5, 8, 10, 8.25], "texture": "#0"},
				"west": {"uv": [9.75, 5.25, 10.25, 5.5], "texture": "#0"},
				"up": {"uv": [10.5, 8, 10, 7.5], "texture": "#0"},
				"down": {"uv": [5.25, 11.25, 4.75, 11.75], "texture": "#0"}
			}
		},
		{
			"name": "leg",
			"from": [0, 0, 14],
			"to": [2, 1, 16],
			"faces": {
				"north": {"uv": [10, 8, 10.5, 8.25], "texture": "#0"},
				"east": {"uv": [10.25, 5.25, 10.75, 5.5], "texture": "#0"},
				"south": {"uv": [10.75, 5.25, 11.25, 5.5], "texture": "#0"},
				"west": {"uv": [11, 2.5, 11.5, 2.75], "texture": "#0"},
				"up": {"uv": [10.5, 12, 10, 11.5], "texture": "#0"},
				"down": {"uv": [2.5, 11.75, 2, 12.25], "texture": "#0"}
			}
		},
		{
			"name": "leg",
			"from": [14, 0, 14],
			"to": [16, 1, 16],
			"faces": {
				"north": {"uv": [11.25, 5.25, 11.75, 5.5], "texture": "#0"},
				"east": {"uv": [11.5, 2.5, 12, 2.75], "texture": "#0"},
				"south": {"uv": [11.75, 5.25, 12.25, 5.5], "texture": "#0"},
				"west": {"uv": [12, 3.5, 12.5, 3.75], "texture": "#0"},
				"up": {"uv": [3, 12.25, 2.5, 11.75], "texture": "#0"},
				"down": {"uv": [5.25, 11.75, 4.75, 12.25], "texture": "#0"}
			}
		},
		{
			"name": "leg",
			"from": [14, 0, 0],
			"to": [16, 1, 2],
			"faces": {
				"north": {"uv": [12, 3.75, 12.5, 4], "texture": "#0"},
				"east": {"uv": [12, 4, 12.5, 4.25], "texture": "#0"},
				"south": {"uv": [12, 4.25, 12.5, 4.5], "texture": "#0"},
				"west": {"uv": [12, 4.5, 12.5, 4.75], "texture": "#0"},
				"up": {"uv": [12.5, 3, 12, 2.5], "texture": "#0"},
				"down": {"uv": [12.5, 3, 12, 3.5], "texture": "#0"}
			}
		},
		{
			"name": "arml",
			"from": [0, 1, 0],
			"to": [2, 12, 16],
			"faces": {
				"north": {"uv": [0.5, 11.25, 1, 14], "texture": "#0"},
				"east": {"uv": [0, 0, 4, 2.75], "texture": "#0"},
				"south": {"uv": [3.25, 11.25, 3.75, 14], "texture": "#0"},
				"west": {"uv": [0, 2.75, 4, 5.5], "texture": "#0"},
				"up": {"uv": [5.75, 12.5, 5.25, 8.5], "texture": "#0"},
				"down": {"uv": [11, 9.5, 10.5, 13.5], "texture": "#0"}
			}
		},
		{
			"name": "armr",
			"from": [14, 1, 0],
			"to": [16, 12, 16],
			"faces": {
				"north": {"uv": [3.75, 11.25, 4.25, 14], "texture": "#0"},
				"east": {"uv": [4, 0, 8, 2.75], "texture": "#0"},
				"south": {"uv": [4.25, 11.25, 4.75, 14], "texture": "#0"},
				"west": {"uv": [4, 2.75, 8, 5.5], "texture": "#0"},
				"up": {"uv": [11.5, 13.5, 11, 9.5], "texture": "#0"},
				"down": {"uv": [0.5, 11.25, 0, 15.25], "texture": "#0"}
			}
		},
		{
			"name": "base",
			"from": [2, 1, 3],
			"to": [14, 3, 15],
			"faces": {
				"north": {"uv": [9.25, 4.75, 12.25, 5.25], "texture": "#0"},
				"east": {"uv": [11, 2, 14, 2.5], "texture": "#0"},
				"south": {"uv": [5.75, 11.5, 8.75, 12], "texture": "#0"},
				"west": {"uv": [11.5, 9.5, 14.5, 10], "texture": "#0"},
				"up": {"uv": [3, 8.5, 0, 5.5], "texture": "#0"},
				"down": {"uv": [6, 5.5, 3, 8.5], "texture": "#0"}
			}
		},
		{
			"name": "back",
			"from": [2, 1, 0],
			"to": [11, 14, 4],
			"faces": {
				"north": {"uv": [6, 8.25, 8.25, 11.5], "texture": "#0"},
				"east": {"uv": [1.25, 8.5, 2.25, 11.75], "texture": "#0"},
				"south": {"uv": [8.25, 8.25, 10.5, 11.5], "texture": "#0"},
				"west": {"uv": [2.25, 8.5, 3.25, 11.75], "texture": "#0"},
				"up": {"uv": [12.75, 8.5, 10.5, 7.5], "texture": "#0"},
				"down": {"uv": [12.75, 8.5, 10.5, 9.5], "texture": "#0"}
			}
		},
		{
			"name": "back",
			"from": [2, 14, 0],
			"to": [10, 16, 4],
			"faces": {
				"north": {"uv": [11.5, 11, 13.5, 11.5], "texture": "#0"},
				"east": {"uv": [9, 7.5, 10, 8], "texture": "#0"},
				"south": {"uv": [11.5, 11.5, 13.5, 12], "texture": "#0"},
				"west": {"uv": [1, 11.75, 2, 12.25], "texture": "#0"},
				"up": {"uv": [13, 1, 11, 0], "texture": "#0"},
				"down": {"uv": [13, 1, 11, 2], "texture": "#0"}
			}
		},
		{
			"name": "back",
			"from": [11, 1, 0],
			"to": [14, 12, 4],
			"faces": {
				"north": {"uv": [8, 2.75, 9.25, 5.5], "texture": "#0"},
				"east": {"uv": [3.25, 8.5, 4.25, 11.25], "texture": "#0"},
				"south": {"uv": [0, 8.5, 1.25, 11.25], "texture": "#0"},
				"west": {"uv": [4.25, 8.5, 5.25, 11.25], "texture": "#0"},
				"up": {"uv": [10, 12.5, 8.75, 11.5], "texture": "#0"},
				"down": {"uv": [12.75, 10, 11.5, 11], "texture": "#0"}
			}
		},
		{
			"name": "baset",
			"from": [2, 3, 4],
			"to": [14, 7, 15],
			"faces": {
				"north": {"uv": [9, 5.5, 12, 6.5], "texture": "#0"},
				"east": {"uv": [9.25, 2.75, 12, 3.75], "texture": "#0"},
				"south": {"uv": [9, 6.5, 12, 7.5], "texture": "#0"},
				"west": {"uv": [9.25, 3.75, 12, 4.75], "texture": "#0"},
				"up": {"uv": [9, 8.25, 6, 5.5], "texture": "#0"},
				"down": {"uv": [11, 0, 8, 2.75], "texture": "#0"}
			}
		}
	],
	"display": {
		"thirdperson_righthand": {
			"scale": [0.3, 0.3, 0.3]
		},
		"thirdperson_lefthand": {
			"scale": [0.3, 0.3, 0.3]
		},
		"firstperson_righthand": {
			"rotation": [0, -27, 0],
			"translation": [2, 0, 0],
			"scale": [0.5, 0.5, 0.5]
		},
		"firstperson_lefthand": {
			"rotation": [0, -37, 0],
			"translation": [3.5, 0, 0],
			"scale": [0.5, 0.5, 0.5]
		},
		"ground": {
			"translation": [0, 2, 0],
			"scale": [0.5, 0.5, 0.5]
		},
		"gui": {
			"rotation": [4, 14, 0],
			"scale": [0.6, 0.6, 0.6]
		},
		"head": {
			"rotation": [0, -180, 0],
			"translation": [0, -30.5, 0],
			"scale": [1.6, 1.6, 1.6]
		},
		"fixed": {
			"rotation": [0, -180, 0],
			"translation": [0, 0, -5.75]
		}
	},
	"groups": [
		{
			"name": "group",
			"origin": [1, 0, 0],
			"color": 0,
			"children": [0, 1, 2, 3, 4, 5, 6, 7, 8, 9, 10]
		}
	]
}