{
    "__comment": "Modeling for Greenfield Texture Pack done by Bluecolty for the Greenfield Build Team",
    "textures": {
		"particle": "block/dead_bubble_coral",
        "0": "block/dead_bubble_coral",
        "1": "block/dead_bubble_coral_bottom",
        "2": "block/dead_bubble_coral_top"
    },
    "elements": [
        {
            "name": "Base",
            "from": [ 4.0, 0.0, 4.0 ], 
            "to": [ 12.0, 3.0, 12.0 ], 
            "faces": {
                "north": { "texture": "#0", "uv": [ 4.0, 13.0, 12.0, 16.0 ] },
                "east": { "texture": "#0", "uv": [ 4.0, 13.0, 12.0, 16.0 ] },
                "south": { "texture": "#0", "uv": [ 4.0, 13.0, 12.0, 16.0 ] },
                "west": { "texture": "#0", "uv": [ 4.0, 13.0, 12.0, 16.0 ] },
                "up": { "texture": "#1", "uv": [ 4.0, 4.0, 12.0, 12.0 ] },
                "down": { "texture": "#1", "uv": [ 4.0, 4.0, 12.0, 12.0 ] }
            }
        },
        {
            "name": "Body",
            "from": [ 5.0, 3.0, 5.0 ], 
            "to": [ 11.0, 13.0, 11.0 ], 
            "faces": {
                "north": { "texture": "#0", "uv": [ 5.0, 3.0, 11.0, 13.0 ] },
                "east": { "texture": "#0", "uv": [ 5.0, 3.0, 11.0, 13.0 ] },
                "south": { "texture": "#0", "uv": [ 5.0, 3.0, 11.0, 13.0 ] },
                "west": { "texture": "#0", "uv": [ 5.0, 3.0, 11.0, 13.0 ] },
                "up": { "texture": "#-1", "uv": [ 0.0, 0.0, 6.0, 6.0 ] },
                "down": { "texture": "#-1", "uv": [ 0.0, 0.0, 6.0, 6.0 ] }
            }
        },
        {
            "name": "Top",
            "from": [ 6.0, 15.0, 6.0 ], 
            "to": [ 10.0, 16.0, 10.0 ], 
            "faces": {
                "north": { "texture": "#0", "uv": [ 6.0, 0.0, 10.0, 1.0 ] },
                "east": { "texture": "#0", "uv": [ 6.0, 0.0, 10.0, 1.0 ] },
                "south": { "texture": "#0", "uv": [ 6.0, 0.0, 10.0, 1.0 ] },
                "west": { "texture": "#0", "uv": [ 6.0, 0.0, 10.0, 1.0 ] },
                "up": { "texture": "#1", "uv": [ 7.0, 7.0, 11.0, 11.0 ] },
                "down": { "texture": "#-1", "uv": [ 0.0, 0.0, 4.0, 4.0 ] }
            }
        },
        {
            "name": "Left Pipe Hole",
            "from": [ 4.0, 8.0, 6.0 ], 
            "to": [ 5.0, 12.0, 10.0 ], 
            "faces": {
                "north": { "texture": "#0", "uv": [ 4.0, 5.0, 5.0, 9.0 ] },
                "east": { "texture": "#1", "uv": [ 0.0, 0.0, 4.0, 4.0 ] },
                "south": { "texture": "#0", "uv": [ 4.0, 5.0, 5.0, 9.0 ] },
                "west": { "texture": "#2", "uv": [ 6.0, 6.0, 10.0, 10.0 ] },
                "up": { "texture": "#0", "uv": [ 11.0, 5.0, 12.0, 9.0 ] },
                "down": { "texture": "#0", "uv": [ 4.0, 4.0, 5.0, 8.0 ] }
            }
        },
        {
            "name": "Left Pipe Cap",
            "from": [ 3.0, 9.0, 7.0 ], 
            "to": [ 4.0, 11.0, 9.0 ], 
            "faces": {
                "north": { "texture": "#1", "uv": [ 8.0, 8.0, 9.0, 10.0 ] },
                "east": { "texture": "#-1", "uv": [ 8.0, 8.0, 10.0, 10.0 ] },
                "south": { "texture": "#1", "uv": [ 6.0, 6.0, 7.0, 8.0 ] },
                "west": { "texture": "#1", "uv": [ 6.0, 7.0, 8.0, 9.0 ] },
                "up": { "texture": "#1", "uv": [ 8.0, 8.0, 9.0, 10.0 ] },
                "down": { "texture": "#1", "uv": [ 7.0, 7.0, 8.0, 9.0 ] }
            }
        },
        {
            "name": "Right Pipe Hole",
            "from": [ 11.0, 8.0, 6.0 ], 
            "to": [ 12.0, 12.0, 10.0 ], 
            "faces": {
                "north": { "texture": "#0", "uv": [ 11.0, 4.0, 12.0, 8.0 ] },
                "east": { "texture": "#2", "uv": [ 6.0, 6.0, 10.0, 10.0 ] },
                "south": { "texture": "#0", "uv": [ 11.0, 4.0, 12.0, 8.0 ] },
                "west": { "texture": "#-1", "uv": [ 0.0, 0.0, 4.0, 4.0 ] },
                "up": { "texture": "#0", "uv": [ 4.0, 4.0, 5.0, 8.0 ] },
                "down": { "texture": "#0", "uv": [ 11.0, 5.0, 12.0, 9.0 ] }
            }
        },
        {
            "name": "Right Pipe Cap",
            "from": [ 12.0, 9.0, 7.0 ], 
            "to": [ 13.0, 11.0, 9.0 ], 
            "faces": {
                "north": { "texture": "#1", "uv": [ 8.0, 7.0, 9.0, 9.0 ] },
                "east": { "texture": "#1", "uv": [ 8.0, 7.0, 10.0, 9.0 ] },
                "south": { "texture": "#1", "uv": [ 7.0, 7.0, 8.0, 9.0 ] },
                "west": { "texture": "#1", "uv": [ 0.0, 0.0, 2.0, 2.0 ] },
                "up": { "texture": "#1", "uv": [ 7.0, 7.0, 8.0, 9.0 ] },
                "down": { "texture": "#1", "uv": [ 7.0, 7.0, 8.0, 9.0 ] }
            }
        },
        {
            "name": "Top of flangey thing",
            "from": [ 5.0, 14.0, 5.0 ], 
            "to": [ 11.0, 15.0, 11.0 ], 
            "faces": {
                "north": { "texture": "#0", "uv": [ 5.0, 1.0, 11.0, 2.0 ] },
                "east": { "texture": "#0", "uv": [ 5.0, 1.0, 11.0, 2.0 ] },
                "south": { "texture": "#0", "uv": [ 5.0, 1.0, 11.0, 2.0 ] },
                "west": { "texture": "#0", "uv": [ 5.0, 1.0, 11.0, 2.0 ] },
                "up": { "texture": "#1", "uv": [ 5.0, 5.0, 11.0, 11.0 ] },
                "down": { "texture": "#-1", "uv": [ 0.0, 0.0, 6.0, 6.0 ] }
            }
        },
        {
            "name": "Flangey thing",
            "from": [ 4.0, 13.0, 4.0 ], 
            "to": [ 12.0, 14.0, 12.0 ], 
            "faces": {
                "north": { "texture": "#0", "uv": [ 5.0, 2.0, 11.0, 3.0 ] },
                "east": { "texture": "#0", "uv": [ 5.0, 2.0, 11.0, 3.0 ] },
                "south": { "texture": "#0", "uv": [ 5.0, 2.0, 11.0, 3.0 ] },
                "west": { "texture": "#0", "uv": [ 5.0, 2.0, 11.0, 3.0 ] },
                "up": { "texture": "#1", "uv": [ 4.0, 4.0, 12.0, 12.0 ] },
                "down": { "texture": "#1", "uv": [ 4.0, 4.0, 12.0, 12.0 ] }
            }
        }
    ]
}