{
	"credit": "Made with Blockbench",
	"textures": {
		"0": "block/glow_lichen",
		"particle": "block/glow_lichen"
	},
	"elements": [
		{
			"from": [6, 6, 0],
			"to": [10, 10, 0.5],
			"faces": {
				"north": {"uv": [0, 4, 4, 8], "texture": "#0"},
				"east": {"uv": [0, 0, 4, 0.5], "rotation": 270, "texture": "#0"},
				"south": {"uv": [0, 0, 4, 4], "rotation": 180, "texture": "#0"},
				"west": {"uv": [0, 0, 4, 0.5], "rotation": 90, "texture": "#0"},
				"up": {"uv": [0, 0, 4, 0.5], "rotation": 180, "texture": "#0"},
				"down": {"uv": [0, 0, 4, 0.5], "texture": "#0"}
			}
		}
	],
	"display": {
		"thirdperson_righthand": {
			"rotation": [-180, 0, 0],
			"translation": [0, 0, -8]
		},
		"gui": {
			"rotation": [21.75, 33, 0],
			"translation": [17, -9.75, 0],
			"scale": [2, 2, 4]
		}
	}
}