{
	"credit": "Made with Blockbench",
	"parent": "block/block",
	"textures": {
		"2": "block/aquarium",
		"3": "block/sand",
		"4": "block/furnace_top",
		"side": "block/glass",
		"particle": "block/furnace_top"
	},
	"elements": [
		{
			"from": [0, 0, 8],
			"to": [16, 16, 8],
			"faces": {
				"north": {"uv": [0, 0, 16, 16], "texture": "#2"},
				"south": {"uv": [0, 0, 16, 16], "texture": "#2"}
			}
		},
		{
			"from": [8, 0, 0],
			"to": [8, 16, 16],
			"faces": {
				"east": {"uv": [0, 0, 16, 16], "texture": "#2"},
				"west": {"uv": [0, 0, 16, 16], "texture": "#2"}
			}
		},
		{
			"from": [0, 15.998, 0],
			"to": [16, 16, 16],
			"faces": {
				"up": {"uv": [0, 0, 16, 16], "texture": "#side", "cullface": "up"},
				"down": {"uv": [0, 16, 16, 0], "texture": "#side", "cullface": "up"}
			}
		},
		{
			"from": [0, 0.5, 0],
			"to": [16, 0.502, 16],
			"faces": {
				"up": {"uv": [0, 16, 16, 0], "texture": "#3"},
				"down": {"uv": [0, 0, 16, 16], "texture": "#3"}
			}
		},
		{
			"from": [0, 0, 0],
			"to": [16, 0.002, 16],
			"faces": {
				"up": {"uv": [0, 16, 16, 0], "texture": "#3", "cullface": "down"},
				"down": {"uv": [0, 0, 16, 16], "texture": "#4", "cullface": "down"}
			}
		},
		{
			"from": [0, 0, 0],
			"to": [16, 16, 0.002],
			"faces": {
				"north": {"uv": [0, 0, 16, 16], "texture": "#side", "cullface": "north"},
				"south": {"uv": [16, 0, 0, 16], "texture": "#side", "cullface": "north"}
			}
		},
		{
			"from": [0, 0, 15.998],
			"to": [16, 16, 16],
			"faces": {
				"north": {"uv": [16, 0, 0, 16], "texture": "#side", "cullface": "south"},
				"south": {"uv": [0, 0, 16, 16], "texture": "#side", "cullface": "south"}
			}
		},
		{
			"from": [0, 0, 0],
			"to": [0.002, 16, 16],
			"faces": {
				"east": {"uv": [16, 0, 0, 16], "texture": "#side", "cullface": "west"},
				"west": {"uv": [0, 0, 16, 16], "texture": "#side", "cullface": "west"}
			}
		},
		{
			"from": [15.998, 0, 0],
			"to": [16, 16, 16],
			"faces": {
				"east": {"uv": [0, 0, 16, 16], "texture": "#side", "cullface": "east"},
				"west": {"uv": [16, 0, 0, 16], "texture": "#side", "cullface": "east"}
			}
		}
	]
}