{
	"credit": "Made with Blockbench",
	"textures": {
		"0": "block/stripped_oak_log",
		"particle": "#0"
	},
	"elements": [
		{
			"from": [0, 0, 0],
			"to": [1, 4, 16],
			"rotation": {"angle": 0, "axis": "y", "origin": [0, 3.75, 0]},
			"faces": {
				"north": {"uv": [8, 6, 9, 10], "texture": "#0"},
				"east": {"uv": [6, 0, 10, 16], "rotation": 90, "texture": "#0"},
				"south": {"uv": [7, 6, 8, 10], "texture": "#0"},
				"west": {"uv": [6, 0, 10, 16], "rotation": 90, "texture": "#0"},
				"up": {"uv": [7, 0, 8, 16], "texture": "#0"},
				"down": {"uv": [7, 0, 8, 16], "texture": "#0"}
			}
		},
		{
			"from": [15, 0, 0],
			"to": [16, 4, 16],
			"rotation": {"angle": 0, "axis": "y", "origin": [0, 3.75, 0]},
			"faces": {
				"north": {"uv": [8, 6, 9, 10], "texture": "#0"},
				"east": {"uv": [6, 0, 10, 16], "rotation": 90, "texture": "#0"},
				"south": {"uv": [7, 6, 8, 10], "texture": "#0"},
				"west": {"uv": [6, 0, 10, 16], "rotation": 90, "texture": "#0"},
				"up": {"uv": [7, 0, 8, 16], "texture": "#0"},
				"down": {"uv": [8, 0, 9, 16], "texture": "#0"}
			}
		},
		{
			"from": [7, 0, 0],
			"to": [9, 4, 16],
			"rotation": {"angle": 0, "axis": "y", "origin": [0, 3.75, 0]},
			"faces": {
				"north": {"uv": [7, 6, 9, 10], "texture": "#0"},
				"east": {"uv": [6, 0, 10, 16], "rotation": 90, "texture": "#0"},
				"south": {"uv": [7, 6, 9, 10], "texture": "#0"},
				"west": {"uv": [6, 0, 10, 16], "rotation": 90, "texture": "#0"},
				"up": {"uv": [7, 0, 9, 16], "texture": "#0"},
				"down": {"uv": [7, 0, 9, 16], "texture": "#0"}
			}
		}
	]
}