{
	"credit": "Made with Blockbench",
	"textures": {
		"0": "block/nether_wart_stage0",
		"particle": "block/nether_wart_stage0"
	},
	"elements": [
		{
			"from": [4, 0, 2],
			"to": [6, 2, 6],
			"rotation": {"angle": 22.5, "axis": "y", "origin": [5, 1, 5]},
			"faces": {
				"north": {"uv": [2, 2, 4, 4], "texture": "#0"},
				"east": {"uv": [0, 0, 4, 2], "rotation": 180, "texture": "#0"},
				"south": {"uv": [0, 2, 2, 4], "texture": "#0"},
				"west": {"uv": [0, 0, 4, 2], "texture": "#0"},
				"up": {"uv": [3, 0, 7, 2], "rotation": 90, "texture": "#0"},
				"down": {"uv": [0, 0, 4, 2], "rotation": 270, "texture": "#0"}
			}
		},
		{
			"from": [4.5, 0.5, 6],
			"to": [5.5, 1.5, 8],
			"rotation": {"angle": 22.5, "axis": "y", "origin": [5, 1, 5]},
			"faces": {
				"north": {"uv": [0, 0, 1, 1], "texture": "#0"},
				"east": {"uv": [0, 0, 1, 3], "rotation": 90, "texture": "#0"},
				"south": {"uv": [4, 2, 5, 3], "texture": "#0"},
				"west": {"uv": [0, 0, 1, 3], "rotation": 90, "texture": "#0"},
				"up": {"uv": [0, 0, 1, 3], "texture": "#0"},
				"down": {"uv": [0, 0, 1, 3], "texture": "#0"}
			}
		},
		{
			"from": [9, 0, 11],
			"to": [11, 3, 13],
			"rotation": {"angle": 0, "axis": "y", "origin": [9.5, 0.5, 11.5]},
			"faces": {
				"north": {"uv": [12, 0, 14, 3], "texture": "#0"},
				"east": {"uv": [14, 0, 16, 3], "texture": "#0"},
				"south": {"uv": [14, 0, 16, 3], "texture": "#0"},
				"west": {"uv": [14, 0, 16, 3], "texture": "#0"},
				"up": {"uv": [14, 3, 16, 5], "texture": "#0"},
				"down": {"uv": [12, 3, 14, 5], "texture": "#0"}
			}
		},
		{
			"from": [11, 0, 3],
			"to": [15, 0.25, 9],
			"rotation": {"angle": 0, "axis": "y", "origin": [19, 8, 14]},
			"faces": {
				"north": {"uv": [0, 10, 4, 10.25], "texture": "#0"},
				"east": {"uv": [0, 10, 1, 16], "rotation": 90, "texture": "#0"},
				"south": {"uv": [0, 10, 4, 10.25], "texture": "#0"},
				"west": {"uv": [0, 10, 1, 16], "rotation": 90, "texture": "#0"},
				"up": {"uv": [0, 10, 4, 16], "texture": "#0"},
				"down": {"uv": [0, 10, 4, 16], "texture": "#0"}
			}
		}
	]
}