{
	"credit": "Made with Blockbench",
	"textures": {
		"0": "block/nether_wart_stage3",
		"particle": "block/nether_wart_stage3"
	},
	"elements": [
		{
			"from": [8, 0, 8],
			"to": [15, 3, 13],
			"rotation": {"angle": 22.5, "axis": "y", "origin": [11.5, 1.5, 10.5]},
			"faces": {
				"north": {"uv": [0, 13, 7, 16], "texture": "#0"},
				"east": {"uv": [0, 13, 5, 16], "texture": "#0"},
				"south": {"uv": [0, 13, 7, 16], "texture": "#0"},
				"west": {"uv": [0, 13, 5, 16], "texture": "#0"},
				"up": {"uv": [0, 10, 7, 15], "texture": "#0"},
				"down": {"uv": [0, 11, 7, 16], "texture": "#0"}
			}
		},
		{
			"from": [1, 0, 8],
			"to": [10, 0.1, 15],
			"rotation": {"angle": 0, "axis": "y", "origin": [9, 8, 22]},
			"faces": {
				"north": {"uv": [0, 15, 9, 15.1], "texture": "#0"},
				"east": {"uv": [0, 0, 7, 0.1], "texture": "#0"},
				"south": {"uv": [0, 15, 9, 15.1], "texture": "#0"},
				"west": {"uv": [0, 0, 7, 0.1], "texture": "#0"},
				"up": {"uv": [0, 9, 9, 16], "rotation": 180, "texture": "#0"},
				"down": {"uv": [0, 9, 9, 16], "texture": "#0"}
			}
		},
		{
			"from": [8, 3, 8],
			"to": [13, 3.1, 14],
			"rotation": {"angle": 0, "axis": "y", "origin": [12, 11, 22]},
			"faces": {
				"north": {"uv": [0, 0, 5, 0.1], "texture": "#0"},
				"east": {"uv": [0, 0, 6, 0.1], "texture": "#0"},
				"south": {"uv": [0, 0, 5, 0.1], "texture": "#0"},
				"west": {"uv": [0, 0, 6, 0.1], "texture": "#0"},
				"up": {"uv": [0, 2, 5, 8], "texture": "#0"},
				"down": {"uv": [0, 0, 5, 6], "texture": "#0"}
			}
		},
		{
			"from": [2, 0, 2],
			"to": [7, 5, 10],
			"rotation": {"angle": 0, "axis": "y", "origin": [10, 8, 10]},
			"faces": {
				"north": {"uv": [11, 0, 16, 5], "texture": "#0"},
				"east": {"uv": [8, 0, 16, 5], "texture": "#0"},
				"south": {"uv": [5, 0, 10, 5], "texture": "#0"},
				"west": {"uv": [8, 0, 16, 5], "texture": "#0"},
				"up": {"uv": [0, 0, 5, 8], "texture": "#0"},
				"down": {"uv": [0, 8, 5, 16], "texture": "#0"}
			}
		},
		{
			"from": [8, 0, 0],
			"to": [15, 0, 6],
			"rotation": {"angle": 0, "axis": "y", "origin": [16, 8, 9]},
			"faces": {
				"north": {"uv": [0, 0, 7, 0], "texture": "#0"},
				"east": {"uv": [0, 0, 6, 0], "texture": "#0"},
				"south": {"uv": [0, 0, 7, 0], "texture": "#0"},
				"west": {"uv": [0, 0, 6, 0], "texture": "#0"},
				"up": {"uv": [0, 10, 7, 16], "texture": "#0"},
				"down": {"uv": [0, 10, 7, 16], "texture": "#0"}
			}
		},
		{
			"from": [15, 0, 0],
			"to": [15, 4, 6],
			"rotation": {"angle": 0, "axis": "y", "origin": [22, 8, 8]},
			"faces": {
				"north": {"uv": [0, 0, 0, 4], "texture": "#0"},
				"east": {"uv": [3, 12, 9, 16], "texture": "#0"},
				"south": {"uv": [0, 0, 0, 4], "texture": "#0"},
				"west": {"uv": [0, 0, 6, 4], "texture": "#0"},
				"up": {"uv": [0, 0, 0, 6], "texture": "#0"},
				"down": {"uv": [0, 0, 0, 6], "texture": "#0"}
			}
		},
		{
			"from": [8, 0, 0],
			"to": [8, 4, 6],
			"rotation": {"angle": 0, "axis": "y", "origin": [15, 8, 8]},
			"faces": {
				"north": {"uv": [0, 0, 0, 4], "texture": "#0"},
				"east": {"uv": [10, 12, 16, 16], "texture": "#0"},
				"south": {"uv": [0, 0, 0, 4], "texture": "#0"},
				"west": {"uv": [2, 12, 8, 16], "texture": "#0"},
				"up": {"uv": [0, 0, 0, 6], "texture": "#0"},
				"down": {"uv": [0, 0, 0, 6], "texture": "#0"}
			}
		},
		{
			"from": [8, 0, 6],
			"to": [15, 4, 6],
			"rotation": {"angle": 0, "axis": "y", "origin": [11, 2, 6]},
			"faces": {
				"north": {"uv": [9, 12, 16, 16], "texture": "#0"},
				"east": {"uv": [0, 0, 0, 4], "texture": "#0"},
				"south": {"uv": [7, 0, 14, 4], "texture": "#0"},
				"west": {"uv": [0, 0, 0, 4], "texture": "#0"},
				"up": {"uv": [0, 0, 0, 7], "rotation": 270, "texture": "#0"},
				"down": {"uv": [0, 0, 0, 7], "rotation": 90, "texture": "#0"}
			}
		},
		{
			"from": [8, 0, 0],
			"to": [15, 4, 0],
			"rotation": {"angle": 0, "axis": "y", "origin": [11, 2, 0]},
			"faces": {
				"north": {"uv": [9, 12, 16, 16], "texture": "#0"},
				"east": {"uv": [0, 0, 0, 4], "texture": "#0"},
				"south": {"uv": [0, 0, 7, 4], "texture": "#0"},
				"west": {"uv": [0, 0, 0, 4], "texture": "#0"},
				"up": {"uv": [0, 0, 0, 7], "rotation": 270, "texture": "#0"},
				"down": {"uv": [0, 0, 0, 7], "rotation": 90, "texture": "#0"}
			}
		},
		{
			"from": [8, 4.72, 5.84],
			"to": [15, 4.72, 9.84],
			"rotation": {"angle": -22.5, "axis": "x", "origin": [11, 4.75, 7.75]},
			"faces": {
				"north": {"uv": [0, 0, 0, 7], "rotation": 270, "texture": "#0"},
				"east": {"uv": [0, 0, 0, 4], "rotation": 270, "texture": "#0"},
				"south": {"uv": [0, 0, 0, 7], "rotation": 270, "texture": "#0"},
				"west": {"uv": [0, 0, 0, 4], "rotation": 90, "texture": "#0"},
				"up": {"uv": [9, 12, 16, 16], "rotation": 180, "texture": "#0"},
				"down": {"uv": [0, 0, 7, 4], "texture": "#0"}
			}
		},
		{
			"from": [8, 3.17, -0.13],
			"to": [15, 3.17, 3.87],
			"rotation": {"angle": 22.5, "axis": "x", "origin": [11, 3.25, 2]},
			"faces": {
				"north": {"uv": [0, 0, 0, 7], "rotation": 270, "texture": "#0"},
				"east": {"uv": [0, 0, 0, 4], "rotation": 270, "texture": "#0"},
				"south": {"uv": [0, 0, 0, 7], "rotation": 270, "texture": "#0"},
				"west": {"uv": [0, 0, 0, 4], "rotation": 90, "texture": "#0"},
				"up": {"uv": [9, 12, 16, 16], "rotation": 180, "texture": "#0"},
				"down": {"uv": [0, 0, 7, 4], "texture": "#0"}
			}
		}
	]
}