{
	"credit": "Made with Blockbench",
	"textures": {
		"0": "block/nether_wart_stage1",
		"particle": "block/nether_wart_stage1"
	},
	"elements": [
		{
			"from": [12, 0, 2],
			"to": [14, 4, 4],
			"rotation": {"angle": 0, "axis": "y", "origin": [20, 8, 11]},
			"faces": {
				"north": {"uv": [0, 4, 2, 8], "texture": "#0"},
				"east": {"uv": [0, 0, 2, 4], "texture": "#0"},
				"south": {"uv": [0, 4, 2, 8], "texture": "#0"},
				"west": {"uv": [0, 0, 2, 4], "texture": "#0"},
				"up": {"uv": [2, 0, 4, 2], "texture": "#0"},
				"down": {"uv": [2, 0, 4, 2], "texture": "#0"}
			}
		},
		{
			"from": [2, 0, 4],
			"to": [4, 1, 7],
			"rotation": {"angle": -22.5, "axis": "y", "origin": [8, 8, 17]},
			"faces": {
				"north": {"uv": [14, 0, 16, 1], "texture": "#0"},
				"east": {"uv": [13, 3, 16, 4], "rotation": 180, "texture": "#0"},
				"south": {"uv": [14, 2, 16, 3], "texture": "#0"},
				"west": {"uv": [13, 3, 16, 4], "texture": "#0"},
				"up": {"uv": [14, 0, 16, 3], "texture": "#0"},
				"down": {"uv": [14, 0, 16, 3], "rotation": 180, "texture": "#0"}
			}
		},
		{
			"from": [4, 0, 7],
			"to": [13, 0.1, 14],
			"rotation": {"angle": 0, "axis": "y", "origin": [19, 8, 21]},
			"faces": {
				"north": {"uv": [7, 15, 16, 15.1], "texture": "#0"},
				"east": {"uv": [9, 15, 16, 15.1], "texture": "#0"},
				"south": {"uv": [7, 15, 16, 15.1], "texture": "#0"},
				"west": {"uv": [9, 15, 16, 15.1], "texture": "#0"},
				"up": {"uv": [7, 9, 16, 16], "texture": "#0"},
				"down": {"uv": [7, 9, 16, 16], "texture": "#0"}
			}
		},
		{
			"from": [1, 0, 4],
			"to": [3, 0.6, 8],
			"rotation": {"angle": 0, "axis": "y", "origin": [10, 8, 12]},
			"faces": {
				"north": {"uv": [2, 0, 4, 0.6], "texture": "#0"},
				"east": {"uv": [2, 4, 6, 4.6], "texture": "#0"},
				"south": {"uv": [2, 0, 4, 0.6], "texture": "#0"},
				"west": {"uv": [2, 4, 6, 4.6], "texture": "#0"},
				"up": {"uv": [0, 0, 2, 4], "texture": "#0"},
				"down": {"uv": [0, 0, 2, 4], "texture": "#0"}
			}
		},
		{
			"from": [12.5, 4, 3],
			"to": [13.5, 6, 3],
			"rotation": {"angle": 0, "axis": "y", "origin": [20.5, 12, 10]},
			"faces": {
				"north": {"uv": [2, 0, 3, 2], "texture": "#0"},
				"east": {"uv": [0, 0, 0, 2], "texture": "#0"},
				"south": {"uv": [2, 0, 3, 2], "texture": "#0"},
				"west": {"uv": [0, 0, 0, 2], "texture": "#0"},
				"up": {"uv": [0, 0, 1, 0], "texture": "#0"},
				"down": {"uv": [0, 0, 1, 0], "texture": "#0"}
			}
		}
	]
}