{
	"credit": "Made with Blockbench",
	"textures": {
		"0": "block/nether_wart_stage2",
		"particle": "block/nether_wart_stage2"
	},
	"elements": [
		{
			"from": [2, 0, 2],
			"to": [6, 0.5, 8],
			"rotation": {"angle": 0, "axis": "y", "origin": [10, 8, 10]},
			"faces": {
				"north": {"uv": [0, 0, 4, 0.5], "texture": "#0"},
				"east": {"uv": [0, 0, 6, 0.5], "texture": "#0"},
				"south": {"uv": [0, 0, 4, 0.5], "texture": "#0"},
				"west": {"uv": [0, 0, 6, 0.5], "texture": "#0"},
				"up": {"uv": [0, 0, 4, 6], "texture": "#0"},
				"down": {"uv": [0, 0, 4, 6], "texture": "#0"}
			}
		},
		{
			"from": [5.5, 0, 4],
			"to": [13.5, 0.25, 14],
			"rotation": {"angle": -22.5, "axis": "y", "origin": [9.5, 0.25, 11]},
			"faces": {
				"north": {"uv": [8, 6, 16, 6.25], "texture": "#0"},
				"east": {"uv": [15, 6, 16, 16], "rotation": 90, "texture": "#0"},
				"south": {"uv": [8, 15, 16, 15.25], "texture": "#0"},
				"west": {"uv": [15, 6, 16, 16], "rotation": 90, "texture": "#0"},
				"up": {"uv": [8, 6, 16, 16], "texture": "#0"},
				"down": {"uv": [8, 6, 16, 16], "texture": "#0"}
			}
		},
		{
			"from": [6.5, 0.25, 8],
			"to": [13.5, 0.75, 14],
			"rotation": {"angle": 22.5, "axis": "y", "origin": [9.5, 0.5, 11]},
			"faces": {
				"north": {"uv": [0, 0, 7, 0.5], "texture": "#0"},
				"east": {"uv": [0, 0, 6, 0.5], "texture": "#0"},
				"south": {"uv": [0, 0, 7, 0.5], "texture": "#0"},
				"west": {"uv": [0, 0, 6, 0.5], "texture": "#0"},
				"up": {"uv": [0, 0, 7, 6], "texture": "#0"},
				"down": {"uv": [0, 0, 7, 6], "texture": "#0"}
			}
		},
		{
			"from": [4.25, 1.5, 2],
			"to": [8.25, 1.75, 6],
			"rotation": {"angle": -22.5, "axis": "z", "origin": [4.25, 1.75, 3]},
			"faces": {
				"north": {"uv": [0, 0, 4, 0.25], "texture": "#0"},
				"east": {"uv": [0, 0, 4, 0.25], "texture": "#0"},
				"south": {"uv": [0, 0, 4, 0.25], "texture": "#0"},
				"west": {"uv": [0, 0, 4, 0.25], "texture": "#0"},
				"up": {"uv": [0, 3, 4, 7], "texture": "#0"},
				"down": {"uv": [0, 6, 4, 10], "texture": "#0"}
			}
		},
		{
			"from": [2, 0.5, 3],
			"to": [5, 1, 8],
			"rotation": {"angle": -22.5, "axis": "y", "origin": [3.5, 0.75, 5.5]},
			"faces": {
				"north": {"uv": [0, 0, 3, 0.5], "texture": "#0"},
				"east": {"uv": [0, 0, 5, 0.5], "texture": "#0"},
				"south": {"uv": [0, 0, 3, 0.5], "texture": "#0"},
				"west": {"uv": [0, 0, 5, 0.5], "texture": "#0"},
				"up": {"uv": [0, 6, 3, 11], "texture": "#0"},
				"down": {"uv": [0, 0, 3, 5], "texture": "#0"}
			}
		}
	]
}