{
	"credit": "Made with Blockbench",
	"textures": {
		"0": "block/monmac1",
		"1": "block/monmac2",
		"particle": "block/monmac1"
	},
	"elements": [
		{
			"from": [1, 2, 6],
			"to": [15, 12, 7],
			"rotation": {"angle": 0, "axis": "y", "origin": [0, 0, -3]},
			"faces": {
				"north": {"uv": [0, 0, 14, 10], "texture": "#0"},
				"east": {"uv": [0, 0, 1, 10], "texture": "#1"},
				"south": {"uv": [0, 0, 14, 10], "texture": "#1"},
				"west": {"uv": [0, 0, 1, 10], "texture": "#1"},
				"up": {"uv": [0, 0, 14, 1], "texture": "#1"},
				"down": {"uv": [0, 0, 14, 1], "texture": "#1"}
			}
		},
		{
			"from": [3, 4, 7],
			"to": [13, 10, 8],
			"rotation": {"angle": 0, "axis": "y", "origin": [0, 0, -3]},
			"faces": {
				"north": {"uv": [0, 0, 10, 6], "texture": "#missing"},
				"east": {"uv": [11, 2, 12, 8], "texture": "#1"},
				"south": {"uv": [2, 2, 12, 8], "texture": "#1"},
				"west": {"uv": [2, 2, 3, 8], "texture": "#1"},
				"up": {"uv": [2, 2, 12, 3], "texture": "#1"},
				"down": {"uv": [2, 7, 12, 8], "texture": "#1"}
			}
		},
		{
			"from": [3, 0, 0],
			"to": [13, 0.15, 3],
			"faces": {
				"north": {"uv": [0, 0, 10, 0.15], "texture": "#1"},
				"east": {"uv": [0, 0, 2, 0.15], "texture": "#1"},
				"south": {"uv": [0, 0, 10, 0.15], "texture": "#1"},
				"west": {"uv": [0, 0, 2, 0.15], "texture": "#1"},
				"up": {"uv": [6, 13, 16, 16], "rotation": 180, "texture": "#1"},
				"down": {"uv": [0, 0, 10, 2], "texture": "#1"}
			}
		},
		{
			"from": [5, 0, 5],
			"to": [11, 0.5, 8],
			"rotation": {"angle": 0, "axis": "y", "origin": [0, 0, -3]},
			"faces": {
				"north": {"uv": [9, 12, 15, 12.5], "texture": "#0"},
				"east": {"uv": [11, 12, 14, 12.5], "texture": "#0"},
				"south": {"uv": [9, 12, 15, 12.5], "texture": "#0"},
				"west": {"uv": [11, 12, 14, 12.5], "texture": "#0"},
				"up": {"uv": [9, 10, 15, 13], "texture": "#0"},
				"down": {"uv": [0, 0, 6, 3], "texture": "#1"}
			}
		},
		{
			"from": [6, 0, 8],
			"to": [10, 0.5, 11],
			"rotation": {"angle": 0, "axis": "y", "origin": [0, 0, -3]},
			"faces": {
				"north": {"uv": [0, 0, 4, 0.5], "texture": "#missing"},
				"east": {"uv": [11, 12, 14, 12.5], "texture": "#0"},
				"south": {"uv": [11, 11, 15, 11.5], "texture": "#0"},
				"west": {"uv": [11, 12, 14, 12.5], "texture": "#0"},
				"up": {"uv": [11, 13, 15, 16], "texture": "#0"},
				"down": {"uv": [0, 0, 4, 3], "texture": "#1"}
			}
		},
		{
			"from": [0, 0, 0],
			"to": [2, 0.5, 3],
			"faces": {
				"north": {"uv": [0, 0, 2, 0.5], "texture": "#1"},
				"east": {"uv": [0, 0, 3, 0.5], "texture": "#1"},
				"south": {"uv": [0, 0, 2, 0.5], "texture": "#1"},
				"west": {"uv": [0, 0, 3, 0.5], "texture": "#1"},
				"up": {"uv": [2, 13, 4, 16], "rotation": 180, "texture": "#1"},
				"down": {"uv": [0, 0, 2, 3], "texture": "#1"}
			}
		},
		{
			"from": [6, -5, 10],
			"to": [10, 4, 10],
			"rotation": {"angle": -22.5, "axis": "x", "origin": [0, 0, -3]},
			"faces": {
				"north": {"uv": [0, 10, 9, 14], "rotation": 270, "texture": "#0"},
				"east": {"uv": [0, 0, 0, 9], "texture": "#missing"},
				"south": {"uv": [0, 10, 9, 14], "rotation": 270, "texture": "#0"},
				"west": {"uv": [0, 0, 0, 9], "texture": "#missing"},
				"up": {"uv": [0, 0, 4, 0], "texture": "#missing"},
				"down": {"uv": [0, 0, 4, 0], "texture": "#missing"}
			}
		}
	]
}