{
	"credit": "Made with Blockbench",
	"textures": {
		"0": "block/crtmon3",
		"1": "block/crtmon1",
		"2": "block/crtmon2",
		"particle": "block/crtmon3"
	},
	"elements": [
		{
			"from": [2, 1, 3],
			"to": [14, 12, 5],
			"faces": {
				"north": {"uv": [0, 0, 12, 11], "texture": "#1"},
				"east": {"uv": [12, 0, 14, 11], "texture": "#1"},
				"south": {"uv": [5, 0, 16, 12], "rotation": 270, "texture": "#1"},
				"west": {"uv": [12, 0, 14, 11], "texture": "#1"},
				"up": {"uv": [0, 11, 12, 13], "texture": "#1"},
				"down": {"uv": [0, 11, 12, 13], "texture": "#1"}
			}
		},
		{
			"from": [2, 1, 5],
			"to": [14, 10, 10],
			"faces": {
				"north": {"uv": [0, 0, 12, 9], "texture": "#missing"},
				"east": {"uv": [7, 3, 12, 12], "texture": "#2"},
				"south": {"uv": [2, 7, 14, 16], "texture": "#2"},
				"west": {"uv": [9, 4, 14, 13], "texture": "#2"},
				"up": {"uv": [2, 2, 14, 7], "texture": "#2"},
				"down": {"uv": [1, 11, 13, 16], "rotation": 180, "texture": "#2"}
			}
		},
		{
			"from": [3, 2, 10],
			"to": [13, 9, 14],
			"faces": {
				"north": {"uv": [0, 0, 10, 7], "texture": "#missing"},
				"east": {"uv": [0, 0, 4, 7], "texture": "#2"},
				"south": {"uv": [0, 0, 10, 7], "texture": "#0"},
				"west": {"uv": [0, 0, 4, 7], "texture": "#2"},
				"up": {"uv": [4, 12, 14, 16], "texture": "#2"},
				"down": {"uv": [0, 0, 10, 4], "texture": "#2"}
			}
		},
		{
			"from": [7, 0, 6],
			"to": [9, 2, 8],
			"faces": {
				"north": {"uv": [14, 14, 16, 16], "texture": "#2"},
				"east": {"uv": [0, 0, 2, 2], "texture": "#2"},
				"south": {"uv": [0, 0, 2, 2], "texture": "#2"},
				"west": {"uv": [0, 0, 2, 2], "texture": "#2"},
				"up": {"uv": [0, 0, 2, 2], "texture": "#missing"},
				"down": {"uv": [0, 0, 2, 2], "texture": "#2"}
			}
		},
		{
			"from": [5, 0.05, 4],
			"to": [11, 0.05, 10],
			"faces": {
				"north": {"uv": [0, 0, 6, 0], "texture": "#missing"},
				"east": {"uv": [0, 0, 6, 0], "texture": "#missing"},
				"south": {"uv": [0, 0, 6, 0], "texture": "#missing"},
				"west": {"uv": [0, 0, 6, 0], "texture": "#missing"},
				"up": {"uv": [10, 8, 16, 14], "texture": "#2"},
				"down": {"uv": [2, 10, 8, 16], "texture": "#2"}
			}
		},
		{
			"from": [3, 0, 0],
			"to": [13, 0.15, 3],
			"faces": {
				"north": {"uv": [0, 4, 10, 4.15], "texture": "#0"},
				"east": {"uv": [0, 0, 3, 0.15], "texture": "#0"},
				"south": {"uv": [0, 0, 10, 0.15], "texture": "#0"},
				"west": {"uv": [0, 0, 3, 0.15], "texture": "#0"},
				"up": {"uv": [0, 8, 10, 11], "rotation": 180, "texture": "#0"},
				"down": {"uv": [0, 0, 10, 3], "rotation": 180, "texture": "#2"}
			}
		},
		{
			"from": [0, 0, 0],
			"to": [2, 0.5, 3],
			"faces": {
				"north": {"uv": [0, 0, 2, 0.5], "texture": "#0"},
				"east": {"uv": [0, 0, 3, 0.5], "texture": "#0"},
				"south": {"uv": [0, 0, 2, 0.5], "texture": "#0"},
				"west": {"uv": [0, 0, 3, 0.5], "texture": "#0"},
				"up": {"uv": [12, 0, 14, 3], "rotation": 180, "texture": "#0"},
				"down": {"uv": [7, 4, 9, 7], "rotation": 180, "texture": "#0"}
			}
		}
	]
}