{
	"credit": "Made with Blockbench",
	"textures": {
		"0": "#texture",
		"particle": "#texture"
	},
	"elements": [
		{
			"from": [6.56378, 3.84602, 5.5],
			"to": [9.56378, 6.84602, 6.5],
			"rotation": {"angle": -45, "axis": "z", "origin": [8.06378, 5.67935, 8]},
			"faces": {
				"north": {"uv": [0, 0, 3, 3], "rotation": 180, "texture": "#0"},
				"east": {"uv": [0, 0, 1, 3], "rotation": 180, "texture": "#0"},
				"south": {"uv": [0, 0, 3, 3], "rotation": 180, "texture": "#0"},
				"west": {"uv": [0, 0, 1, 3], "rotation": 180, "texture": "#0"},
				"up": {"uv": [0, 0, 1, 3], "rotation": 90, "texture": "#0"},
				"down": {"uv": [0, 0, 1, 3], "rotation": 270, "texture": "#0"}
			}
		},
		{
			"from": [6.56378, 3.84602, 9.5],
			"to": [9.56378, 6.84602, 10.5],
			"rotation": {"angle": -45, "axis": "z", "origin": [8.06378, 5.67935, 8]},
			"faces": {
				"north": {"uv": [0, 0, 3, 3], "rotation": 180, "texture": "#0"},
				"east": {"uv": [0, 0, 1, 3], "rotation": 180, "texture": "#0"},
				"south": {"uv": [0, 0, 3, 3], "rotation": 180, "texture": "#0"},
				"west": {"uv": [0, 0, 1, 3], "rotation": 180, "texture": "#0"},
				"up": {"uv": [0, 0, 1, 3], "rotation": 90, "texture": "#0"},
				"down": {"uv": [0, 0, 1, 3], "rotation": 270, "texture": "#0"}
			}
		},
		{
			"from": [9.56378, 3.84602, 6.5],
			"to": [10.56378, 6.84602, 9.5],
			"rotation": {"angle": -45, "axis": "z", "origin": [8.06378, 5.67935, 8]},
			"faces": {
				"north": {"uv": [0, 0, 1, 3], "rotation": 180, "texture": "#0"},
				"east": {"uv": [0, 0, 3, 3], "rotation": 180, "texture": "#0"},
				"south": {"uv": [0, 0, 1, 3], "rotation": 180, "texture": "#0"},
				"west": {"uv": [0, 0, 3, 3], "rotation": 180, "texture": "#0"},
				"up": {"uv": [0, 0, 1, 3], "rotation": 180, "texture": "#0"},
				"down": {"uv": [0, 0, 1, 3], "rotation": 180, "texture": "#0"}
			}
		},
		{
			"from": [5.56378, 3.84602, 6.5],
			"to": [6.56378, 6.84602, 9.5],
			"rotation": {"angle": -45, "axis": "z", "origin": [8.06378, 5.67935, 8]},
			"faces": {
				"north": {"uv": [0, 0, 1, 3], "rotation": 180, "texture": "#0"},
				"east": {"uv": [0, 0, 3, 3], "rotation": 180, "texture": "#0"},
				"south": {"uv": [0, 0, 1, 3], "rotation": 180, "texture": "#0"},
				"west": {"uv": [0, 0, 3, 3], "rotation": 180, "texture": "#0"},
				"up": {"uv": [0, 0, 1, 3], "rotation": 180, "texture": "#0"},
				"down": {"uv": [0, 0, 1, 3], "rotation": 180, "texture": "#0"}
			}
		},
		{
			"from": [6.56378, 1.84602, 6.5],
			"to": [9.56378, 6.84602, 9.5],
			"rotation": {"angle": -45, "axis": "z", "origin": [8.06378, 5.67935, 8]},
			"faces": {
				"north": {"uv": [0, 0, 3, 5], "rotation": 180, "texture": "#0"},
				"east": {"uv": [0, 0, 3, 5], "rotation": 180, "texture": "#0"},
				"south": {"uv": [0, 0, 3, 5], "rotation": 180, "texture": "#0"},
				"west": {"uv": [0, 0, 3, 5], "rotation": 180, "texture": "#0"},
				"up": {"uv": [0, 13, 3, 16], "rotation": 180, "texture": "#0"},
				"down": {"uv": [0, 0, 3, 3], "rotation": 180, "texture": "#0"}
			}
		},
		{
			"from": [5.56378, 5.84602, 5.5],
			"to": [6.56378, 6.84602, 6.5],
			"rotation": {"angle": -45, "axis": "z", "origin": [8.06378, 5.67935, 8]},
			"faces": {
				"north": {"uv": [0, 0, 1, 1], "rotation": 180, "texture": "#0"},
				"east": {"uv": [0, 0, 1, 1], "rotation": 180, "texture": "#0"},
				"south": {"uv": [0, 0, 1, 1], "rotation": 180, "texture": "#0"},
				"west": {"uv": [0, 0, 1, 1], "rotation": 180, "texture": "#0"},
				"up": {"uv": [0, 0, 1, 1], "rotation": 180, "texture": "#0"},
				"down": {"uv": [0, 0, 1, 1], "rotation": 180, "texture": "#0"}
			}
		},
		{
			"from": [5.56378, 5.84602, 9.5],
			"to": [6.56378, 6.84602, 10.5],
			"rotation": {"angle": -45, "axis": "z", "origin": [8.06378, 5.67935, 8]},
			"faces": {
				"north": {"uv": [0, 0, 1, 1], "rotation": 180, "texture": "#0"},
				"east": {"uv": [0, 0, 1, 1], "rotation": 180, "texture": "#0"},
				"south": {"uv": [0, 0, 1, 1], "rotation": 180, "texture": "#0"},
				"west": {"uv": [0, 0, 1, 1], "rotation": 180, "texture": "#0"},
				"up": {"uv": [0, 0, 1, 1], "rotation": 180, "texture": "#0"},
				"down": {"uv": [0, 0, 1, 1], "rotation": 180, "texture": "#0"}
			}
		},
		{
			"from": [9.56378, 5.84602, 5.5],
			"to": [10.56378, 6.84602, 6.5],
			"rotation": {"angle": -45, "axis": "z", "origin": [8.06378, 5.67935, 8]},
			"faces": {
				"north": {"uv": [0, 0, 1, 1], "rotation": 180, "texture": "#0"},
				"east": {"uv": [0, 0, 1, 1], "rotation": 180, "texture": "#0"},
				"south": {"uv": [0, 0, 1, 1], "rotation": 180, "texture": "#0"},
				"west": {"uv": [0, 0, 1, 1], "rotation": 180, "texture": "#0"},
				"up": {"uv": [0, 0, 1, 1], "rotation": 180, "texture": "#0"},
				"down": {"uv": [0, 0, 1, 1], "rotation": 180, "texture": "#0"}
			}
		},
		{
			"from": [9.56378, 5.84602, 9.5],
			"to": [10.56378, 6.84602, 10.5],
			"rotation": {"angle": -45, "axis": "z", "origin": [8.06378, 5.67935, 8]},
			"faces": {
				"north": {"uv": [0, 0, 1, 1], "rotation": 180, "texture": "#0"},
				"east": {"uv": [0, 0, 1, 1], "rotation": 180, "texture": "#0"},
				"south": {"uv": [0, 0, 1, 1], "rotation": 180, "texture": "#0"},
				"west": {"uv": [0, 0, 1, 1], "rotation": 180, "texture": "#0"},
				"up": {"uv": [0, 0, 1, 1], "rotation": 180, "texture": "#0"},
				"down": {"uv": [0, 0, 1, 1], "rotation": 180, "texture": "#0"}
			}
		},
		{
			"from": [6, 0, 6.5],
			"to": [9, 1, 9.5],
			"rotation": {"angle": 0, "axis": "y", "origin": [16, 8, 15]},
			"faces": {
				"north": {"uv": [0, 0, 3, 1], "texture": "#0"},
				"east": {"uv": [0, 0, 3, 1], "texture": "#0"},
				"south": {"uv": [0, 0, 3, 1], "texture": "#0"},
				"west": {"uv": [0, 0, 3, 1], "texture": "#0"},
				"up": {"uv": [0, 0, 3, 3], "texture": "#0"},
				"down": {"uv": [0, 0, 3, 3], "texture": "#0"}
			}
		},
		{
			"from": [7, 1, 7.5],
			"to": [8, 4, 8.5],
			"rotation": {"angle": 0, "axis": "y", "origin": [16, 9, 16]},
			"faces": {
				"north": {"uv": [0, 0, 1, 3], "texture": "#0"},
				"east": {"uv": [0, 0, 1, 3], "texture": "#0"},
				"south": {"uv": [0, 0, 1, 3], "texture": "#0"},
				"west": {"uv": [0, 0, 1, 3], "texture": "#0"},
				"up": {"uv": [0, 0, 1, 1], "texture": "#0"},
				"down": {"uv": [0, 0, 1, 1], "texture": "#0"}
			}
		}
	]
}