{   
	"parent": "block/amethyst_cluster",
    "display": {
        "gui": {
            "rotation": [ 30, 45, 0 ],
            "translation": [ 0, 1, 0],
            "scale":[ 0.775, 0.775, 0.775 ]
        },
        "fixed": {
            "rotation": [ -90, 0, 0 ],
            "translation": [ 0, 0, -5],
            "scale":[ 0.8, 0.8, 0.8 ]
        },
		"head": {
            "rotation": [ -90, 0, 0 ],
            "translation": [ 0, 7, -11],
            "scale":[ 0.5, 0.5, 0.5 ]
        },
		"thirdperson_righthand": {
            "rotation": [ 0, 45, 0 ],
            "translation": [ 0, 3, 0],
            "scale":[ 0.4, 0.4, 0.4 ]
        },
		"thirdperson_lefthand": {
            "rotation": [ 0, 45, 0 ],
            "translation": [ 0, 3, 0],
            "scale":[ 0.4, 0.4, 0.4 ]
        },
		"firstperson_righthand": {
            "rotation": [ 0, 0, 0 ],
            "translation": [ 0, 4, 2],
            "scale":[ 0.5, 0.5, 0.5 ]
        },
		"firstperson_lefthand": {
            "rotation": [ 0, 0, 0 ],
            "translation": [ 0, 4, 2],
            "scale":[ 0.5, 0.5, 0.5 ]
        },
		"ground": {
            "rotation": [ 0, 0, 0 ],
            "translation": [ 0, 1.5, 0],
            "scale":[ 0.5, 0.5, 0.5 ]
        }
    },
    "ambientocclusion": false
}