{
    "model": {
        "type": "range_dispatch",
        "property": "custom_model_data",
        "fallback": {
            "type": "model",
            "model": "minecraft:item/apple"
        },
        "entries": [
            {
                "threshold": 0,
                "model": {
                    "type": "model",
                    "model": "minecraft:item/apple"
                }
            },
            {
                "threshold": 1,
                "model": {
                    "type": "model",
                    "model": "omega:item/food/apple_core"
                }
            },
            {
                "threshold": 2,
                "model": {
                    "type": "model",
                    "model": "omega:item/food/beef_jerky"
                }
            },
            {
                "threshold": 3,
                "model": {
                    "type": "model",
                    "model": "omega:item/food/canned_beans"
                }
            },
            {
                "threshold": 4,
                "model": {
                    "type": "model",
                    "model": "omega:item/food/canned_tuna"
                }
            },
            {
                "threshold": 5,
                "model": {
                    "type": "model",
                    "model": "omega:item/food/cereal_ball"
                }
            },
            {
                "threshold": 6,
                "model": {
                    "type": "model",
                    "model": "omega:item/food/cheese"
                }
            },
            {
                "threshold": 7,
                "model": {
                    "type": "model",
                    "model": "omega:item/food/cookies"
                }
            },
            {
                "threshold": 8,
                "model": {
                    "type": "model",
                    "model": "omega:item/food/energy_bar"
                }
            },
            {
                "threshold": 9,
                "model": {
                    "type": "model",
                    "model": "omega:item/food/expired_cereal"
                }
            },
            {
                "threshold": 10,
                "model": {
                    "type": "model",
                    "model": "omega:item/food/green_potato"
                }
            },
            {
                "threshold": 11,
                "model": {
                    "type": "model",
                    "model": "omega:item/food/jacket_potato"
                }
            },
            {
                "threshold": 12,
                "model": {
                    "type": "model",
                    "model": "omega:item/food/jam"
                }
            },
            {
                "threshold": 13,
                "model": {
                    "type": "model",
                    "model": "omega:item/food/moldy_bread"
                }
            },
            {
                "threshold": 14,
                "model": {
                    "type": "model",
                    "model": "omega:item/food/pbj_sandwich"
                }
            },
            {
                "threshold": 15,
                "model": {
                    "type": "model",
                    "model": "omega:item/food/peanut_butter"
                }
            },
            {
                "threshold": 16,
                "model": {
                    "type": "model",
                    "model": "omega:item/food/rotten_egg"
                }
            },
            {
                "threshold": 17,
                "model": {
                    "type": "model",
                    "model": "omega:item/food/sandwich"
                }
            },
            {
                "threshold": 18,
                "model": {
                    "type": "model",
                    "model": "omega:item/food/stale_donut"
                }
            },
            {
                "threshold": 19,
                "model": {
                    "type": "model",
                    "model": "omega:item/food/cooking_oil"
                }
            },
            {
                "threshold": 20,
                "model": {
                    "type": "model",
                    "model": "omega:item/food/jar_of_honey"
                }
            },
            {
                "threshold": 21,
                "model": {
                    "type": "model",
                    "model": "omega:item/food/maple_syrup"
                }
            },
            {
                "threshold": 22,
                "model": {
                    "type": "model",
                    "model": "omega:item/food/soup"
                }
            },
            {
                "threshold": 23,
                "model": {
                    "type": "model",
                    "model": "omega:item/food/sour_milk"
                }
            },
            {
                "threshold": 24,
                "model": {
                    "type": "model",
                    "model": "omega:item/drink/coffee"
                }
            },
            {
                "threshold": 25,
                "model": {
                    "type": "model",
                    "model": "omega:item/drink/energy_drink"
                }
            },
            {
                "threshold": 26,
                "model": {
                    "type": "model",
                    "model": "omega:item/drink/fruit_juice"
                }
            },
            {
                "threshold": 27,
                "model": {
                    "type": "model",
                    "model": "omega:item/drink/protein_shake"
                }
            },
            {
                "threshold": 28,
                "model": {
                    "type": "model",
                    "model": "omega:item/drink/red_beef"
                }
            },
            {
                "threshold": 29,
                "model": {
                    "type": "model",
                    "model": "omega:item/drink/smoothie"
                }
            },
            {
                "threshold": 30,
                "model": {
                    "type": "model",
                    "model": "omega:item/drink/soda"
                }
            },
            {
                "threshold": 31,
                "model": {
                    "type": "model",
                    "model": "omega:item/drink/water_bottle"
                }
            },
            {
                "threshold": 32,
                "model": {
                    "type": "model",
                    "model": "omega:item/drink/dirty_water"
                }
            },
            {
                "threshold": 33,
                "model": {
                    "type": "model",
                    "model": "omega:item/drink/herbal_tea"
                }
            },
            {
                "threshold": 34,
                "model": {
                    "type": "model",
                    "model": "omega:item/drink/weak_coffee"
                }
            }
        ]
    }
}