{   
	"parent": "block/blue_candle_black",
    "display": {
        "gui": {
            "rotation": [ -20, 45, 0 ],
            "translation": [ 0, -2, 0],
            "scale":[ 0.775, 0.775, 0.775 ]
        },
        "fixed": {
            "rotation": [ 0, 0, 0 ],
            "translation": [ 0, 0, 0],
            "scale":[ 0.6, 0.6, 0.6 ]
        },
		"head": {
            "rotation": [ 180, 0, 0 ],
            "translation": [ 0, 16, 0],
            "scale":[ 1.2, 1.2, 1.2 ]
        },
		"thirdperson_righthand": {
            "rotation": [ 0, 0, 0 ],
            "translation": [ 0, -2, 0],
            "scale":[ 0.7, 0.7, 0.7 ]
        },
		"thirdperson_lefthand": {
            "rotation": [ 0, 0, 0 ],
            "translation": [ 0, -2, 0],
            "scale":[ 0.7, 0.7, 0.7 ]
        },
		"firstperson_righthand": {
            "rotation": [ 0, 0, 0 ],
            "translation": [ 0, -1, 0],
            "scale":[ 0.5, 0.5, 0.5 ]
        },
		"firstperson_lefthand": {
            "rotation": [ 0, 0, 0 ],
            "translation": [ 0, -1, 0],
            "scale":[ 0.5, 0.5, 0.5 ]
        },
		"ground": {
            "rotation": [ 0, 0, 0 ],
            "translation": [ 0, -2, 0],
            "scale":[ 0.5, 0.5, 0.5 ]
        }
    },
    "ambientocclusion": false
}