{   
	"parent": "block/candle_three_candles",
    "display": {
        "gui": {
            "rotation": [ 40, 45, 0 ],
            "translation": [ 0, 3, 0],
            "scale":[ 1.25, 1.25, 1.25 ]
        },
        "fixed": {
            "rotation": [ 0, 180, 0 ],
            "translation": [ 0, 5, 0],
            "scale":[ 1.3, 1.3, 0.2 ]
        },
		"head": {
            "rotation": [ 0, 90, 0 ],
            "translation": [ 0, 18, 0],
            "scale":[ 1.4, 1.4, 1.4 ]
        },
		"thirdperson_righthand": {
            "rotation": [ 0, 225, 0 ],
            "translation": [ 0, 5, 0],
            "scale":[ 1, 1, 1 ]
        },
		"thirdperson_lefthand": {
            "rotation": [ 0, 135, 0 ],
            "translation": [ 0, 5, 0],
            "scale":[ 1, 1, 1 ]
        },
		"firstperson_righthand": {
            "rotation": [ 0, 135, 0 ],
            "translation": [ 0, 5, 0],
            "scale":[ 1, 1, 1 ]
        },
		"firstperson_lefthand": {
            "rotation": [ 0, 135, 0 ],
            "translation": [ 0, 5, 0],
            "scale":[ 1, 1, 1 ]
        },
		"ground": {
            "rotation": [ 0, 90, 0 ],
            "translation": [ 0, 4, 0],
            "scale":[ 0.8, 0.8, 0.8 ]
        }
    },
    "ambientocclusion": false
}