{
	"credit": "Made with Blockbench",
	"textures": {
		"0": "block/cocoa_stage0",
		"particle": "block/cocoa_stage0"
	},
	"elements": [
		{
			"from": [7.25, 7.5, 12.5],
			"to": [8.75, 9, 16],
			"rotation": {"angle": 0, "axis": "y", "origin": [7.25, 7, 14]},
			"faces": {
				"north": {"uv": [7.25, 12.5, 8.75, 14], "texture": "#0"},
				"east": {"uv": [7.25, 12.5, 8.75, 16], "rotation": 90, "texture": "#0"},
				"south": {"uv": [7.25, 14.5, 8.75, 16], "texture": "#0"},
				"west": {"uv": [7.25, 12.5, 8.75, 16], "rotation": 90, "texture": "#0"},
				"up": {"uv": [7.25, 12.5, 8.75, 16], "texture": "#0"},
				"down": {"uv": [7.25, 12.5, 8.75, 16], "texture": "#0"}
			}
		},
		{
			"from": [7.25, 6.5, 11.5],
			"to": [8.75, 8.5, 13],
			"rotation": {"angle": 22.5, "axis": "x", "origin": [7, 6.5, 13]},
			"faces": {
				"north": {"uv": [7.25, 10.5, 8.75, 12.5], "rotation": 180, "texture": "#0"},
				"east": {"uv": [7.25, 10.5, 8.75, 12.5], "rotation": 90, "texture": "#0"},
				"south": {"uv": [7.25, 10.5, 8.75, 12.5], "texture": "#0"},
				"west": {"uv": [7.25, 10.5, 8.75, 12.5], "rotation": 90, "texture": "#0"},
				"up": {"uv": [7.25, 9.25, 8.75, 10.75], "texture": "#0"},
				"down": {"uv": [7.25, 9.25, 8.75, 10.75], "rotation": 180, "texture": "#0"}
			}
		},
		{
			"from": [6.75, 9.25, 11.75],
			"to": [9.25, 9.75, 14.25],
			"rotation": {"angle": 0, "axis": "y", "origin": [7.25, 8.25, 12.25]},
			"faces": {
				"north": {"uv": [0, 9.25, 0.5, 11.75], "rotation": 270, "texture": "#0"},
				"east": {"uv": [0.25, 9, 2.75, 9.5], "texture": "#0"},
				"south": {"uv": [2.5, 9.25, 3, 11.75], "rotation": 90, "texture": "#0"},
				"west": {"uv": [0.25, 11.5, 2.75, 12], "texture": "#0"},
				"up": {"uv": [0.25, 9.25, 2.75, 11.75], "texture": "#0"},
				"down": {"uv": [0.25, 9.25, 2.75, 11.75], "texture": "#0"}
			}
		},
		{
			"from": [7.5, 8.75, 12.5],
			"to": [8.5, 9.25, 13.5],
			"rotation": {"angle": 0, "axis": "y", "origin": [7, 7.25, 11.75]},
			"faces": {
				"north": {"uv": [1, 12, 2, 12.5], "texture": "#0"},
				"east": {"uv": [1, 12, 2, 12.5], "texture": "#0"},
				"south": {"uv": [1, 12, 2, 12.5], "texture": "#0"},
				"west": {"uv": [1, 12, 2, 12.5], "texture": "#0"},
				"up": {"uv": [1, 12, 2, 13], "texture": "#0"},
				"down": {"uv": [1, 12, 2, 13], "texture": "#0"}
			}
		}
	],
	"display": {
		"thirdperson_righthand": {
			"translation": [0, 0, -6.75]
		},
		"thirdperson_lefthand": {
			"translation": [0, 0, -6.75]
		},
		"firstperson_righthand": {
			"translation": [-2.25, 4.5, 0]
		},
		"firstperson_lefthand": {
			"translation": [-2.25, 4.5, 0]
		},
		"gui": {
			"rotation": [40, 45, 0],
			"translation": [-7.5, 4.25, 0],
			"scale": [2, 2, 2]
		},
		"head": {
			"rotation": [-31, -180, 0],
			"translation": [0, 11.5, 16.5],
			"scale": [2, 2, 2]
		}
	}
}