{   
	"parent": "block/cyan_candle_clean",
    "display": {
        "gui": {
            "rotation": [ 30, 45, 180 ],
            "translation": [ 0, 0.5, 0],
            "scale":[ 0.65, 0.65, 0.65 ]
        },
        "fixed": {
            "rotation": [ 0, 180, 180 ],
            "translation": [ 0, 0, 0],
            "scale":[ 0.5, 0.5, 0.5 ]
        },
		"head": {
            "rotation": [ 0, 0, 0 ],
            "translation": [ 0, 0, 0],
            "scale":[ 1, 1, 1 ]
        },
		"thirdperson_righthand": {
            "rotation": [ 75, 45, 180 ],
            "translation": [ 0, 2.5, 2],
            "scale":[ 0.375, 0.375, 0.375 ]
        },
		"thirdperson_lefthand": {
            "rotation": [ 75, 135, 180 ],
            "translation": [ 0, 2.5, 2],
            "scale":[ 0.375, 0.375, 0.375 ]
        },
		"firstperson_righthand": {
            "rotation": [ 0, 45, 180 ],
            "translation": [ 0, 4.2, 0],
            "scale":[ 0.40, 0.40, 0.40 ]
        },
		"firstperson_lefthand": {
            "rotation": [ 0, 225, 180 ],
            "translation": [ 0, 4.2, 0],
            "scale":[ 0.40, 0.40, 0.40 ]
        },
		"ground": {
            "rotation": [ 0, 90, 0 ],
            "translation": [ 0, 0, 0],
            "scale":[ 0.25, 0.25, 0.25 ]
        }
    },
    "ambientocclusion": false
}