{
    "model": {
        "type": "range_dispatch",
        "property": "custom_model_data",
        "fallback": {
            "type": "model",
            "model": "item/diamond_sword"
        },
        "entries": [
            {
                "threshold": 0,
                "model": {
                    "type": "model",
                    "model": "item/diamond_sword"
                }
            },
            {
                "threshold": 1,
                "model": {
                    "type": "model",
                    "model": "omega:item/weapons/meat_cleaver"
                }
            },
            {
                "threshold": 2,
                "model": {
                    "type": "model",
                    "model": "omega:item/weapons/hunting_knife"
                }
            },
            {
                "threshold": 3,
                "model": {
                    "type": "model",
                    "model": "omega:item/weapons/katana"
                }
            },
            {
                "threshold": 4,
                "model": {
                    "type": "model",
                    "model": "omega:item/weapons/fire_axe"
                }
            },
            {
                "threshold": 5,
                "model": {
                    "type": "model",
                    "model": "omega:item/weapons/machete"
                }
            },
            {
                "threshold": 6,
                "model": {
                    "type": "model",
                    "model": "omega:item/weapons/scythe"
                }
            },
            {
                "threshold": 7,
                "model": {
                    "type": "model",
                    "model": "omega:item/weapons/pitchfork"
                }
            },
            {
                "threshold": 8,
                "model": {
                    "type": "model",
                    "model": "omega:item/weapons/scrap_metal_spear"
                }
            },
            {
                "threshold": 9,
                "model": {
                    "type": "model",
                    "model": "omega:item/weapons/plate_spear"
                }
            },
            {
                "threshold": 10,
                "model": {
                    "type": "model",
                    "model": "omega:item/weapons/cricket_machete"
                }
            },
            {
                "threshold": 11,
                "model": {
                    "type": "model",
                    "model": "omega:item/weapons/rolling_pin"
                }
            },
            {
                "threshold": 12,
                "model": {
                    "type": "model",
                    "model": "omega:item/weapons/plank"
                }
            },
            {
                "threshold": 13,
                "model": {
                    "type": "model",
                    "model": "omega:item/weapons/broom"
                }
            },
            {
                "threshold": 14,
                "model": {
                    "type": "model",
                    "model": "omega:item/weapons/cane"
                }
            },
            {
                "threshold": 15,
                "model": {
                    "type": "model",
                    "model": "omega:item/weapons/claw_hammer"
                }
            },
            {
                "threshold": 16,
                "model": {
                    "type": "model",
                    "model": "omega:item/weapons/wrench"
                }
            },
            {
                "threshold": 17,
                "model": {
                    "type": "model",
                    "model": "omega:item/weapons/sledgehammer"
                }
            },
            {
                "threshold": 18,
                "model": {
                    "type": "model",
                    "model": "omega:item/weapons/baseball_bat"
                }
            },
            {
                "threshold": 19,
                "model": {
                    "type": "model",
                    "model": "omega:item/weapons/crowbar"
                }
            },
            {
                "threshold": 20,
                "model": {
                    "type": "model",
                    "model": "omega:item/weapons/cricket_bat"
                }
            },
            {
                "threshold": 21,
                "model": {
                    "type": "model",
                    "model": "omega:item/weapons/oar"
                }
            },
            {
                "threshold": 22,
                "model": {
                    "type": "model",
                    "model": "omega:item/weapons/oar_pin"
                }
            }
        ]
    }
}