{
    "model": {
        "type": "range_dispatch",
        "property": "custom_model_data",
        "fallback": {
            "type": "model",
            "model": "item/diamond_pickaxe"
        },
        "entries": [
            {
                "threshold": 0,
                "model": {
                    "type": "model",
                    "model": "item/diamond_pickaxe"
                }
            },
            {
                "threshold": 1,
                "model": {
                    "type": "model",
                    "model": "omega:item/weapons/building_hammer"
                }
            }
        ]
    }
}