{
    "model": {
        "type": "range_dispatch",
        "property": "custom_model_data",
        "fallback": {
            "type": "model",
            "model": "minecraft:item/flint"
        },
        "entries": [
            {
                "threshold": 0,
                "model": {
                    "type": "model",
                    "model": "minecraft:item/flint"
                }
            },
            {
                "threshold": 1,
                "model": {
                    "type": "model",
                    "model": "omega:item/other/broken_bottle"
                }
            },
            {
                "threshold": 2,
                "model": {
                    "type": "model",
                    "model": "omega:item/other/broken_cd"
                }
            },
            {
                "threshold": 3,
                "model": {
                    "type": "model",
                    "model": "omega:item/other/broken_plate"
                }
            },
            {
                "threshold": 4,
                "model": {
                    "type": "model",
                    "model": "omega:item/other/cd"
                }
            },
            {
                "threshold": 5,
                "model": {
                    "type": "model",
                    "model": "omega:item/other/cloth"
                }
            },
            {
                "threshold": 6,
                "model": {
                    "type": "model",
                    "model": "omega:item/other/crushed_can"
                }
            },
            {
                "threshold": 7,
                "model": {
                    "type": "model",
                    "model": "omega:item/other/egg_shell"
                }
            },
            {
                "threshold": 8,
                "model": {
                    "type": "model",
                    "model": "omega:item/other/empty_can"
                }
            },
            {
                "threshold": 9,
                "model": {
                    "type": "model",
                    "model": "omega:item/other/junk_mail"
                }
            },
            {
                "threshold": 10,
                "model": {
                    "type": "model",
                    "model": "omega:item/other/scrap_metal"
                }
            },
            {
                "threshold": 11,
                "model": {
                    "type": "model",
                    "model": "omega:item/other/sheet_metal"
                }
            },
            {
                "threshold": 12,
                "model": {
                    "type": "model",
                    "model": "omega:item/other/fabric"
                }
            },
            {
                "threshold": 13,
                "model": {
                    "type": "model",
                    "model": "omega:item/other/duct_tape"
                }
            },
            {
                "threshold": 14,
                "model": {
                    "type": "model",
                    "model": "omega:item/other/seeds"
                }
            },
            {
                "threshold": 15,
                "model": {
                    "type": "model",
                    "model": "omega:item/other/stick"
                }
            },
            {
                "threshold": 16,
                "model": {
                    "type": "model",
                    "model": "omega:item/other/coffee_beans"
                }
            },
            {
                "threshold": 17,
                "model": {
                    "type": "model",
                    "model": "omega:item/other/herbal_teabag"
                }
            }
        ]
    }
}