{   
	"parent": "block/glow_lichen",
    "display": {
        "gui": {
            "rotation": [ -45, 0, 45 ],
            "translation": [ 0, 10, 0],
            "scale":[ 2, 2, 2 ]
        },
        "fixed": {
            "rotation": [ -180, 0, 0 ],
            "translation": [ 0, 0, -12],
            "scale":[ 1.6, 1.6, 1.6 ]
        },
		"head": {
            "rotation": [ -90, 0, 0 ],
            "translation": [ 0, 33, 0],
            "scale":[3.4, 3.4, 3.4 ]
        },
		"thirdperson_righthand": {
            "rotation": [ -90, 0, 0 ],
            "translation": [ 0, 10, 0],
            "scale":[ 1.2, 1.2, 1.2 ]
        },
		"thirdperson_lefthand": {
            "rotation": [ -90, 0, 0 ],
            "translation": [ 0, 10, 0],
            "scale":[ 1.2, 1.2, 1.2 ]
        },
		"firstperson_righthand": {
            "rotation": [ 0, 0, 0 ],
            "translation": [ 7, -4, 0],
            "scale":[ 1.3, 1.3, 1.3 ]
        },
		"firstperson_lefthand": {
            "rotation": [ 0, 0, 0 ],
            "translation": [ 7, -4, 0],
            "scale":[ 1.3, 1.3, 1.3 ]
        },
		"ground": {
            "rotation": [ -90, 0, 0 ],
            "translation": [ 0, 3.5, 0],
            "scale":[ 0.9, 0.9, 0.9 ]
        }
    },
    "ambientocclusion": false
}