{
    "model": {
        "type": "range_dispatch",
        "property": "custom_model_data",
        "fallback": {
            "type": "model",
            "model": "item/iron_leggings"
        },
        "entries": [
            {
                "threshold": 0,
                "model": {
                    "type": "model",
                    "model": "minecraft:item/iron_leggings"
                }
            },
            {
                "threshold": 1,
                "model": {
                    "type": "model",
                    "model": "cosmetic/biker_armor/biker_leggings"
                }
            },
            {
                "threshold": 2,
                "model": {
                    "type": "model",
                    "model": "cosmetic/builder_armor/builder_leggings"
                }
            },
            {
                "threshold": 3,
                "model": {
                    "type": "model",
                    "model": "cosmetic/footballer_armor/footballer_leggings"
                }
            },
            {
                "threshold": 4,
                "model": {
                    "type": "model",
                    "model": "cosmetic/riot_armor/riot_leggings"
                }
            },
            {
                "threshold": 5,
                "model": {
                    "type": "model",
                    "model": "cosmetic/tactical_armor/tactical_leggings"
                }
            },
            {
                "threshold": 6,
                "model": {
                    "type": "model",
                    "model": "cosmetic/random_armor/random_leggings"
                }
            },
            {
                "threshold": 7,
                "model": {
                    "type": "model",
                    "model": "cosmetic/other_armor/other_leggings"
                }
            }
        ]
    }
}