{
    "parent": "item/generated",
    "textures": {
        "layer0": "item/leather_chestplate",
        "layer1": "item/leather_chestplate_overlay"
    },
    "overrides": [
        {"predicate":{"trim_type":0.1},"model":"item/leather_chestplate_quartz_trim"},
        {"predicate":{"trim_type":0.2},"model":"item/leather_chestplate_iron_trim"},
        {"predicate":{"trim_type":0.3},"model":"item/leather_chestplate_netherite_trim"},
        {"predicate":{"trim_type":0.4},"model":"item/leather_chestplate_redstone_trim"},
        {"predicate":{"trim_type":0.5},"model":"item/leather_chestplate_copper_trim"},
        {"predicate":{"trim_type":0.6},"model":"item/leather_chestplate_gold_trim"},
        {"predicate":{"trim_type":0.7},"model":"item/leather_chestplate_emerald_trim"},
        {"predicate":{"trim_type":0.8},"model":"item/leather_chestplate_diamond_trim"},
        {"predicate":{"trim_type":0.9},"model":"item/leather_chestplate_lapis_trim"},
        {"predicate":{"trim_type":1},"model":"item/leather_chestplate_amethyst_trim"}
    ]
}