{
	"credit": "Made with Blockbench",
	"parent": "block/thin_block",
	"textures": {
		"particle": "block/carpets/light_blue_carpet_wool",
		"wool": "block/carpets/light_blue_carpet_wool"
	},
	"elements": [
		{
			"from": [0, 0, 0],
			"to": [16, 1, 16],
			"faces": {
				"north": {"uv": [0, 15, 16, 16], "texture": "#wool", "cullface": "north"},
				"east": {"uv": [0, 15, 16, 16], "texture": "#wool", "cullface": "east"},
				"south": {"uv": [0, 15, 16, 16], "texture": "#wool", "cullface": "south"},
				"west": {"uv": [0, 15, 16, 16], "texture": "#wool", "cullface": "west"},
				"up": {"uv": [0, 0, 16, 16], "texture": "#wool"},
				"down": {"uv": [0, 0, 16, 16], "texture": "#wool", "cullface": "down"}
			}
		}
	],
	"display": {
		"thirdperson_righthand": {
			"rotation": [88, 45, 0],
			"translation": [0, 0, 2.75],
			"scale": [0.4, 0.4, 0.4]
		},
		"thirdperson_lefthand": {
			"rotation": [88, 45, 0],
			"translation": [0, 0, 2.75],
			"scale": [0.4, 0.4, 0.4]
		},
		"firstperson_righthand": {
			"rotation": [0, 45, 0],
			"translation": [3.75, 7.25, 0],
			"scale": [0.65, 0.65, 0.65]
		},
		"firstperson_lefthand": {
			"rotation": [0, 45, 0],
			"translation": [3.75, 7.25, 0],
			"scale": [0.65, 0.65, 0.65]
		},
		"ground": {
			"translation": [0, 1.75, 0],
			"scale": [0.65, 0.65, 0.65]
		},
		"gui": {
			"rotation": [30, 45, 0],
			"translation": [0, 1.5, 0],
			"scale": [0.65, 0.65, 0.65]
		},
		"head": {
			"translation": [0, 11.75, 0],
			"scale": [0.85, 0.85, 0.85]
		},
		"fixed": {
			"translation": [0, 0, 3]
		}
	}
}