{   
	"parent": "block/light_blue_candle_white",
    "display": {
        "gui": {
            "rotation": [ 20, 45, 0 ],
            "translation": [ 0, 0, 0],
            "scale":[ 0.775, 0.775, 0.775 ]
        },
        "fixed": {
            "rotation": [ 0, 0, 0 ],
            "translation": [ 0, 0, 0],
            "scale":[ 0.6, 0.6, 0.6 ]
        },
		"head": {
            "rotation": [ 0, 0, 0 ],
            "translation": [ 0, 18, 0],
            "scale":[ 1.4, 1.4, 1.4 ]
        },
		"thirdperson_righthand": {
            "rotation": [ 0, 0, 0 ],
            "translation": [ 0, 3, 0],
            "scale":[ 0.7, 0.7, 0.7 ]
        },
		"thirdperson_lefthand": {
            "rotation": [ 0, 0, 0 ],
            "translation": [ 0, 3, 0],
            "scale":[ 0.7, 0.7, 0.7 ]
        },
		"firstperson_righthand": {
            "rotation": [ 0, 0, 0 ],
            "translation": [ 0, 1, 0],
            "scale":[ 0.6, 0.6, 0.6 ]
        },
		"firstperson_lefthand": {
            "rotation": [ 0, 0, 0 ],
            "translation": [ 0, 1, 0],
            "scale":[ 0.6, 0.6, 0.6 ]
        },
		"ground": {
            "rotation": [ 0, 0, 0 ],
            "translation": [ 0, 4, 0],
            "scale":[ 0.5, 0.5, 0.5 ]
        }
    },
    "ambientocclusion": false
}