{   
	"parent": "block/spotlight",
    "display": {
        "gui": {
            "rotation": [ -20, 135, 180 ],
            "translation": [ 0, -2, 0],
            "scale":[ 1, 1, 1 ]
        },
        "fixed": {
            "rotation": [ 180, 0, 0 ],
            "translation": [ 0, -2, -2],
            "scale":[ 0.7, 0.7, 0.7 ]
        },
		"head": {
            "rotation": [ -60, 90, 0 ],
            "translation": [ 0, 8, -11],
            "scale":[ 1.4, 1.4, 1.4 ]
        },
		"thirdperson_righthand": {
            "rotation": [ 180, -90, 0 ],
            "translation": [ 0, -5, -1],
            "scale":[ 0.7, 0.7, 0.7 ]
        },
		"thirdperson_lefthand": {
            "rotation": [ 180, 90, 0 ],
            "translation": [ 0, -5, -1],
            "scale":[ 0.7, 0.7, 0.7 ]
        },
		"firstperson_righthand": {
            "rotation": [ 180, 180, 0 ],
            "translation": [ 1, 0, 0],
            "scale":[ 0.6, 0.6, 0.6 ]
        },
		"firstperson_lefthand": {
            "rotation": [ 180, 0, 0 ],
            "translation": [ 1, 0, 0],
            "scale":[ 0.6, 0.6, 0.6 ]
        },
		"ground": {
            "rotation": [ 180, -90, 0 ],
            "translation": [ 0, -2, 0],
            "scale":[ 0.6, 0.6, 0.6 ]
        }
    },
    "ambientocclusion": false
}