{   
	"parent": "block/medium_amethyst_bud",
    "display": {
        "gui": {
            "rotation": [ 30, 45, 0 ],
            "translation": [ 0, 1, 0],
            "scale":[ 0.625, 0.625, 0.625 ]
        },
        "fixed": {
            "rotation": [ 0, 0, 0 ],
            "translation": [ 0, 0, 0],
            "scale":[ 0.6, 0.6, 0.6 ]
        },
		"head": {
            "rotation": [ 5, 0, 0 ],
            "translation": [ 0, 12, 0],
            "scale":[ 0.9, 0.9, 0.9 ]
        },
		"thirdperson_righthand": {
            "rotation": [ 0, 45, 0 ],
            "translation": [ 0, 2, 0],
            "scale":[ 0.3, 0.3, 0.3 ]
        },
		"thirdperson_lefthand": {
            "rotation": [ 0, 45, 0 ],
            "translation": [ 0, 2, 0],
            "scale":[ 0.3, 0.3, 0.3 ]
        },
		"firstperson_righthand": {
            "rotation": [ 0, 0, 0 ],
            "translation": [ 0, 4, 2],
            "scale":[ 0.5, 0.5, 0.5 ]
        },
		"firstperson_lefthand": {
            "rotation": [ 0, 0, 0 ],
            "translation": [ 0, 4, 2],
            "scale":[ 0.5, 0.5, 0.5 ]
        },
		"ground": {
            "rotation": [ 0, 0, 0 ],
            "translation": [ 0, 1, 0],
            "scale":[ 0.5, 0.5, 0.5 ]
        }
    },
    "ambientocclusion": false
}