{   
	"parent": "block/nether_wart_stage3",
    "display": {
        "gui": {
            "rotation": [ 30, 45, 0 ],
            "translation": [ 0, 3, -1],
            "scale":[ 0.775, 0.775, 0.775 ]
        },
        "fixed": {
            "rotation": [ -90, 0, 0 ],
            "translation": [ 0, 0, -5],
            "scale":[ 0.7, 0.7, 0.7 ]
        },
		"head": {
            "rotation": [ 0, 90, 0 ],
            "translation": [ 0, 14.5, 0],
            "scale":[ 1, 1, 1 ]
        },
		"thirdperson_righthand": {
            "rotation": [ 0, 225, 0 ],
            "translation": [ 0, 3, -2],
            "scale":[ 0.4, 0.4, 0.4 ]
        },
		"thirdperson_lefthand": {
            "rotation": [ 0, 135, 0 ],
            "translation": [ 0, 3, -2],
            "scale":[ 0.4, 0.4, 0.4 ]
        },
		"firstperson_righthand": {
            "rotation": [ 0, 135, 0 ],
            "translation": [ 0, 4, 0],
            "scale":[ 0.6, 0.6, 0.6 ]
        },
		"firstperson_lefthand": {
            "rotation": [ 0, -45, 0 ],
            "translation": [ 0, 4, 0],
            "scale":[ 0.6, 0.6, 0.6 ]
        },
		"ground": {
            "rotation": [ 0, 0, 0 ],
            "translation": [ 0, 4, 0],
            "scale":[ 0.6, 0.6, 0.6 ]
        }
    },
    "ambientocclusion": false
}