{   
	"parent": "block/pink_candle",
    "display": {
        "gui": {
            "rotation": [ 20, -45, 0 ],
            "translation": [ 0, 2, 0],
            "scale":[ 0.9, 0.9, 0.9 ]
        },
        "fixed": {
            "rotation": [ 0, 0, 0 ],
            "translation": [ 0, 2, -2],
            "scale":[ 0.7, 0.7, 0.7 ]
        },
		"head": {
            "rotation": [ 0, 90, 0 ],
            "translation": [ -0.6666666666667, 17.5, -5],
            "scale":[ 1.4, 1.4, 1.4 ]
        },
		"thirdperson_righthand": {
            "rotation": [ 45, 90, 0 ],
            "translation": [ -0.3, 0, 0],
            "scale":[ 0.7, 0.7, 0.7 ]
        },
		"thirdperson_lefthand": {
            "rotation": [ 45, -90, 0 ],
            "translation": [ 0.3, 0, 0],
            "scale":[ 0.7, 0.7, 0.7 ]
        },
		"firstperson_righthand": {
            "rotation": [ 0, 135, 0 ],
            "translation": [ 2, 3, 0],
            "scale":[ 0.6, 0.6, 0.6 ]
        },
		"firstperson_lefthand": {
            "rotation": [ 0, -45, 0 ],
            "translation": [ 2, 3, 0],
            "scale":[ 0.6, 0.6, 0.6 ]
        },
		"ground": {
            "rotation": [ 0, -90, 0 ],
            "translation": [ 0, 2, 0],
            "scale":[ 0.6, 0.6, 0.6 ]
        }
    },
    "ambientocclusion": false
}