{   
	"parent": "block/purple_candle",
    "display": {
        "gui": {
            "rotation": [ 20, -55, 0 ],
            "translation": [ 4, -6, 0],
            "scale":[ 0.9, 0.9, 0.9 ]
        },
        "fixed": {
            "rotation": [ 0, 90, 0 ],
            "translation": [ 0, 2, -5],
            "scale":[ 0.7, 0.7, 0.7 ]
        },
		"head": {
            "rotation": [ 0, -90, 0 ],
            "translation": [ 0, -12, 4.25],
            "scale":[ 1.5, 1.5, 1.5 ]
        },
		"thirdperson_righthand": {
            "rotation": [ -90, 180, 0 ],
            "translation": [ -5, -2, 5],
            "scale":[ 0.7, 0.7, 0.7 ]
        },
		"thirdperson_lefthand": {
            "rotation": [ -90, 0, 0 ],
            "translation": [ -5, -2, 5],
            "scale":[ 0.7, 0.7, 0.7 ]
        },
		"firstperson_righthand": {
            "rotation": [ 0, 180, 0 ],
            "translation": [ -2, -4, 0],
            "scale":[ 0.7, 0.7, 0.7 ]
        },
		"firstperson_lefthand": {
            "rotation": [ 0, 0, 0 ],
            "translation": [ -2, -4, 0],
            "scale":[ 0.7, 0.7, 0.7 ]
        },
		"ground": {
            "rotation": [ 0, -90, 0 ],
            "translation": [ 0, -5, 0],
            "scale":[ 0.5, 0.5, 0.5 ]
        }
    },
    "ambientocclusion": false
}