{   
	"parent": "block/red_candle",
    "display": {
        "gui": {
            "rotation": [ 10, 45, 0 ],
            "translation": [ -3, 2, 0],
            "scale":[ 0.9, 0.9, 0.9 ]
        },
        "fixed": {
            "rotation": [ 0, 180, 0 ],
            "translation": [ 0, 4, 1],
            "scale":[ 0.7, 0.7, 0.7 ]
        },
		"head": {
            "rotation": [ 0, 180, 0 ],
            "translation": [ 0, 18, 0],
            "scale":[ 1.4, 1.4, 1.4 ]
        },
		"thirdperson_righthand": {
            "rotation": [ 0, 180, 0 ],
            "translation": [ 0, 1, 0],
            "scale":[ 0.7, 0.7, 0.7 ]
        },
		"thirdperson_lefthand": {
            "rotation": [ 0, 0, 0 ],
            "translation": [ 0, 1, 0],
            "scale":[ 0.7, 0.7, 0.7 ]
        },
		"firstperson_righthand": {
            "rotation": [ -20, -45, 0 ],
            "translation": [ 6, 2, -6],
            "scale":[ 0.7, 0.7, 0.7 ]
        },
		"firstperson_lefthand": {
            "rotation": [ -20, -45, 0 ],
            "translation": [ 6, 2, -6],
            "scale":[ 0.7, 0.7, 0.7 ]
        },
		"ground": {
            "rotation": [ 0, -90, 0 ],
            "translation": [ 0, 3, 0],
            "scale":[ 0.5, 0.5, 0.5 ]
        }
    },
    "ambientocclusion": false
}