{
  "variants": {
    "": [
			{ "model": "minecraft:block/packed_mud" },
			{ "model": "minecraft:block/packed_mud", "x": 90 },
			{ "model": "minecraft:block/packed_mud", "x": 180 },
			{ "model": "minecraft:block/packed_mud", "x": 270 },
			{ "model": "minecraft:block/packed_mud" },
			{ "model": "minecraft:block/packed_mud", "y": 90 },
			{ "model": "minecraft:block/packed_mud", "y": 180 },
			{ "model": "minecraft:block/packed_mud", "y": 270 },
			{ "model": "minecraft:block/packed_mud_2" },
			{ "model": "minecraft:block/packed_mud_2", "x": 90 },
			{ "model": "minecraft:block/packed_mud_2", "x": 180 },
			{ "model": "minecraft:block/packed_mud_2", "x": 270 },
			{ "model": "minecraft:block/packed_mud_2" },
			{ "model": "minecraft:block/packed_mud_2", "y": 90 },
			{ "model": "minecraft:block/packed_mud_2", "y": 180 },
			{ "model": "minecraft:block/packed_mud_2", "y": 270 },
			{ "model": "minecraft:block/packed_mud_3" },
			{ "model": "minecraft:block/packed_mud_3", "x": 90 },
			{ "model": "minecraft:block/packed_mud_3", "x": 180 },
			{ "model": "minecraft:block/packed_mud_3", "x": 270 },
			{ "model": "minecraft:block/packed_mud_3" },
			{ "model": "minecraft:block/packed_mud_3", "y": 90 },
			{ "model": "minecraft:block/packed_mud_3", "y": 180 },
			{ "model": "minecraft:block/packed_mud_3", "y": 270 },
			{ "model": "minecraft:block/packed_mud_4" },
			{ "model": "minecraft:block/packed_mud_4", "x": 90 },
			{ "model": "minecraft:block/packed_mud_4", "x": 180 },
			{ "model": "minecraft:block/packed_mud_4", "x": 270 },
			{ "model": "minecraft:block/packed_mud_4" },
			{ "model": "minecraft:block/packed_mud_4", "y": 90 },
			{ "model": "minecraft:block/packed_mud_4", "y": 180 },
			{ "model": "minecraft:block/packed_mud_4", "y": 270 },
			{ "model": "minecraft:block/packed_mud_5" },
			{ "model": "minecraft:block/packed_mud_5", "x": 90 },
			{ "model": "minecraft:block/packed_mud_5", "x": 180 },
			{ "model": "minecraft:block/packed_mud_5", "x": 270 },
			{ "model": "minecraft:block/packed_mud_5" },
			{ "model": "minecraft:block/packed_mud_5", "y": 90 },
			{ "model": "minecraft:block/packed_mud_5", "y": 180 },
			{ "model": "minecraft:block/packed_mud_5", "y": 270 },
			{ "model": "minecraft:block/packed_mud_6" },
			{ "model": "minecraft:block/packed_mud_6", "x": 90 },
			{ "model": "minecraft:block/packed_mud_6", "x": 180 },
			{ "model": "minecraft:block/packed_mud_6", "x": 270 },
			{ "model": "minecraft:block/packed_mud_6" },
			{ "model": "minecraft:block/packed_mud_6", "y": 90 },
			{ "model": "minecraft:block/packed_mud_6", "y": 180 },
			{ "model": "minecraft:block/packed_mud_6", "y": 270 },
			{ "model": "minecraft:block/packed_mud_7" },
			{ "model": "minecraft:block/packed_mud_7", "x": 90 },
			{ "model": "minecraft:block/packed_mud_7", "x": 180 },
			{ "model": "minecraft:block/packed_mud_7", "x": 270 },
			{ "model": "minecraft:block/packed_mud_7" },
			{ "model": "minecraft:block/packed_mud_7", "y": 90 },
			{ "model": "minecraft:block/packed_mud_7", "y": 180 },
			{ "model": "minecraft:block/packed_mud_7", "y": 270 },
			{ "model": "minecraft:block/packed_mud_8" },
			{ "model": "minecraft:block/packed_mud_8", "x": 90 },
			{ "model": "minecraft:block/packed_mud_8", "x": 180 },
			{ "model": "minecraft:block/packed_mud_8", "x": 270 },
			{ "model": "minecraft:block/packed_mud_8" },
			{ "model": "minecraft:block/packed_mud_8", "y": 90 },
			{ "model": "minecraft:block/packed_mud_8", "y": 180 },
			{ "model": "minecraft:block/packed_mud_8", "y": 270 },
			{ "model": "minecraft:block/packed_mud_9" },
			{ "model": "minecraft:block/packed_mud_9", "x": 90 },
			{ "model": "minecraft:block/packed_mud_9", "x": 180 },
			{ "model": "minecraft:block/packed_mud_9", "x": 270 },
			{ "model": "minecraft:block/packed_mud_9" },
			{ "model": "minecraft:block/packed_mud_9", "y": 90 },
			{ "model": "minecraft:block/packed_mud_9", "y": 180 },
			{ "model": "minecraft:block/packed_mud_9", "y": 270 }
	]
  }
}