{
	"providers": [
		{
			"type": "bitmap",
			"file": "omega:font/guis/auction.png",
			"height": 195,
			"ascent": 65,
			"chars": ["\u053E"]
		},
		{
			"type": "bitmap",
			"file": "omega:font/guis/auction_claim.png",
			"height": 195,
			"ascent": 65,
			"chars": ["\u0530"]
		},
		{
			"type": "bitmap",
			"file": "omega:font/guis/auction_confirm.png",
			"height": 195,
			"ascent": 65,
			"chars": ["\u0531"]
		},
		{
			"type": "bitmap",
			"file": "omega:font/guis/corpse.png",
			"height": 195,
			"ascent": 65,
			"chars": ["\u053F"]
		},
		{
			"type": "bitmap",
			"file": "omega:font/guis/groups_claim.png",
			"height": 195,
			"ascent": 65,
			"chars": ["\u0500"]
		},
		{
			"type": "bitmap",
			"file": "omega:font/guis/groups_home.png",
			"height": 195,
			"ascent": 65,
			"chars": ["\u050A"]
		},
		{
			"type": "bitmap",
			"file": "omega:font/guis/groups_members.png",
			"height": 195,
			"ascent": 65,
			"chars": ["\u050B"]
		},
		{
			"type": "bitmap",
			"file": "omega:font/guis/groups_ranks.png",
			"height": 195,
			"ascent": 65,
			"chars": ["\u050C"]
		},
		{
			"type": "bitmap",
			"file": "omega:font/guis/groups_ranks_permissions.png",
			"height": 195,
			"ascent": 65,
			"chars": ["\u050D"]
		},
		{
			"type": "bitmap",
			"file": "omega:font/guis/groups_claims.png",
			"height": 195,
			"ascent": 65,
			"chars": ["\u050E"]
		},
		{
			"type": "bitmap",
			"file": "omega:font/guis/groups_member.png",
			"height": 195,
			"ascent": 65,
			"chars": ["\u050F"]
		},
		{
			"type": "bitmap",
			"file": "omega:font/guis/backpack_one_row.png",
			"height": 195,
			"ascent": 65,
			"chars": ["\u0501"]
		},
		{
			"type": "bitmap",
			"file": "omega:font/guis/backpack_two_rows.png",
			"height": 195,
			"ascent": 65,
			"chars": ["\u0502"]
		},
		{
			"type": "bitmap",
			"file": "omega:font/guis/backpack_three_rows.png",
			"height": 195,
			"ascent": 65,
			"chars": ["\u0503"]
		},
		{
			"type": "bitmap",
			"file": "omega:font/guis/skills.png",
			"height": 195,
			"ascent": 65,
			"chars": ["\u0504"]
		},
		{
                        "type": "bitmap",
                        "file": "omega:font/space_split.png",
                        "ascent": -32768,
                        "height": -3,
                        "chars": ["\uF801"]
                },
                {
                        "type": "bitmap",
                        "file": "omega:font/space_split.png",
                        "ascent": -32768,
                        "height": -4,
                        "chars": ["\uF802"]
                },
                {
                        "type": "bitmap",
                        "file": "omega:font/space_split.png",
                        "ascent": -32768,
                        "height": -5,
                        "chars": ["\uF803"]
                },
                {
                        "type": "bitmap",
                        "file": "omega:font/space_split.png",
                        "ascent": -32768,
                        "height": -6,
                        "chars": ["\uF804"]
                },
                {
                        "type": "bitmap",
                        "file": "omega:font/space_split.png",
                        "ascent": -32768,
                        "height": -7,
                        "chars": ["\uF805"]
                },
                {
                        "type": "bitmap",
                        "file": "omega:font/space_split.png",
                        "ascent": -32768,
                        "height": -8,
                        "chars": ["\uF806"]
                },
                {
                        "type": "bitmap",
                        "file": "omega:font/space_split.png",
                        "ascent": -32768,
                        "height": -9,
                        "chars": ["\uF807"]
                },
                {
                        "type": "bitmap",
                        "file": "omega:font/space_split.png",
                        "ascent": -32768,
                        "height": -10,
                        "chars": ["\uF808"]
                },
                {
                        "type": "bitmap",
                        "file": "omega:font/space_split.png",
                        "ascent": -32768,
                        "height": -18,
                        "chars": ["\uF809"]
                },
                {
                        "type": "bitmap",
                        "file": "omega:font/space_split.png",
                        "ascent": -32768,
                        "height": -34,
                        "chars": ["\uF80A"]
                },
                {
                        "type": "bitmap",
                        "file": "omega:font/space_split.png",
                        "ascent": -32768,
                        "height": -66,
                        "chars": ["\uF80B"]
                },
                {
                        "type": "bitmap",
                        "file": "omega:font/space_split.png",
                        "ascent": -32768,
                        "height": -130,
                        "chars": ["\uF80C"]
                },
                {
                        "type": "bitmap",
                        "file": "omega:font/space_split.png",
                        "ascent": -32768,
                        "height": -258,
                        "chars": ["\uF80D"]
                },
                {
                        "type": "bitmap",
                        "file": "omega:font/space_split.png",
                        "ascent": -32768,
                        "height": -514,
                        "chars": ["\uF80E"]
                },
                {
                        "type": "bitmap",
                        "file": "omega:font/space_split.png",
                        "ascent": -32768,
                        "height": -1026,
                        "chars": ["\uF80F"]
                },
                {
                        "type": "bitmap",
                        "file": "omega:font/space_split.png",
                        "ascent": -65536,
                        "height": -32770,
                        "chars": ["\uF800"]
                },
                {
                        "type": "bitmap",
                        "file": "omega:font/space_split.png",
                        "ascent": -32768,
                        "height": 0,
                        "chars": ["\uF821"]
                },
                {
                        "type": "bitmap",
                        "file": "omega:font/space_split.png",
                        "ascent": -32768,
                        "height": 1,
                        "chars": ["\uF822"]
                },
                {
                        "type": "bitmap",
                        "file": "omega:font/space_split.png",
                        "ascent": -32768,
                        "height": 2,
            "chars": [
                "\uF823"
            ]
        },
        {
            "type": "bitmap",
            "file": "omega:font/space_split.png",
            "ascent": -32768,
            "height": 3,
            "chars": [
                "\uF824"
            ]
        },
        {
            "type": "bitmap",
            "file": "omega:font/space_split.png",
            "ascent": -32768,
            "height": 4,
            "chars": [
                "\uF825"
            ]
        },
        {
            "type": "bitmap",
            "file": "omega:font/space_split.png",
            "ascent": -32768,
            "height": 5,
            "chars": [
                "\uF826"
            ]
        },
        {
            "type": "bitmap",
            "file": "omega:font/space_split.png",
            "ascent": -32768,
            "height": 6,
            "chars": [
                "\uF827"
            ]
        },
        {
            "type": "bitmap",
            "file": "omega:font/space_split.png",
            "ascent": -32768,
            "height": 7,
            "chars": [
                "\uF828"
            ]
        },
        {
            "type": "bitmap",
            "file": "omega:font/space_split.png",
            "ascent": -32768,
            "height": 15,
            "chars": [
                "\uF829"
            ]
        },
        {
            "type": "bitmap",
            "file": "omega:font/space_split.png",
            "ascent": -32768,
            "height": 31,
            "chars": [
                "\uF82A"
            ]
        },
        {
            "type": "bitmap",
            "file": "omega:font/space_split.png",
            "ascent": -32768,
            "height": 63,
            "chars": [
                "\uF82B"
            ]
        },
        {
            "type": "bitmap",
            "file": "omega:font/space_split.png",
            "ascent": -32768,
            "height": 127,
            "chars": [
                "\uF82C"
            ]
        },
        {
            "type": "bitmap",
            "file": "omega:font/space_split.png",
            "ascent": -32768,
            "height": 255,
            "chars": [
                "\uF82D"
            ]
        },
        {
            "type": "bitmap",
            "file": "omega:font/space_split.png",
            "ascent": -32768,
            "height": 511,
            "chars": [
                "\uF82E"
            ]
        },
        {
            "type": "bitmap",
            "file": "omega:font/space_split.png",
            "ascent": -32768,
            "height": 1023,
            "chars": [
                "\uF82F"
            ]
        },
        {
            "type": "bitmap",
            "file": "omega:font/space_split.png",
            "ascent": -65536,
            "height": 32767,
            "chars": [
                "\uF820"
            ]
        },
        {
            "type": "bitmap",
            "file": "omega:font/space_nosplit.png",
            "ascent": -32768,
            "height": -3,
            "chars": [
                "\uF811"
            ]
        },
        {
            "type": "bitmap",
            "file": "omega:font/space_nosplit.png",
            "ascent": -32768,
            "height": -4,
            "chars": [
                "\uF812"
            ]
        },
        {
            "type": "bitmap",
            "file": "omega:font/space_nosplit.png",
            "ascent": -32768,
            "height": -5,
            "chars": [
                "\uF813"
            ]
        },
        {
            "type": "bitmap",
            "file": "omega:font/space_nosplit.png",
            "ascent": -32768,
            "height": -6,
            "chars": [
                "\uF814"
            ]
        },
        {
            "type": "bitmap",
            "file": "omega:font/space_nosplit.png",
            "ascent": -32768,
            "height": -7,
            "chars": [
                "\uF815"
            ]
        },
        {
            "type": "bitmap",
            "file": "omega:font/space_nosplit.png",
            "ascent": -32768,
            "height": -8,
            "chars": [
                "\uF816"
            ]
        },
        {
            "type": "bitmap",
            "file": "omega:font/space_nosplit.png",
            "ascent": -32768,
            "height": -9,
            "chars": [
                "\uF817"
            ]
        },
        {
            "type": "bitmap",
            "file": "omega:font/space_nosplit.png",
            "ascent": -32768,
            "height": -10,
            "chars": [
                "\uF818"
            ]
        },
        {
            "type": "bitmap",
            "file": "omega:font/space_nosplit.png",
            "ascent": -32768,
            "height": -18,
            "chars": [
                "\uF819"
            ]
        },
        {
            "type": "bitmap",
            "file": "omega:font/space_nosplit.png",
            "ascent": -32768,
            "height": -34,
            "chars": [
                "\uF81A"
            ]
        },
        {
            "type": "bitmap",
            "file": "omega:font/space_nosplit.png",
            "ascent": -32768,
            "height": -66,
            "chars": [
                "\uF81B"
            ]
        },
        {
            "type": "bitmap",
            "file": "omega:font/space_nosplit.png",
            "ascent": -32768,
            "height": -130,
            "chars": [
                "\uF81C"
            ]
        },
        {
            "type": "bitmap",
            "file": "omega:font/space_nosplit.png",
            "ascent": -32768,
            "height": -258,
            "chars": [
                "\uF81D"
            ]
        },
        {
            "type": "bitmap",
            "file": "omega:font/space_nosplit.png",
            "ascent": -32768,
            "height": -514,
            "chars": [
                "\uF81E"
            ]
        },
        {
            "type": "bitmap",
            "file": "omega:font/space_nosplit.png",
            "ascent": -32768,
            "height": -1026,
            "chars": [
                "\uF81F"
            ]
        },
        {
            "type": "bitmap",
            "file": "omega:font/space_nosplit.png",
            "ascent": -65536,
            "height": -32770,
            "chars": [
                "\uF810"
            ]
        },
        {
            "type": "bitmap",
            "file": "omega:font/space_nosplit.png",
            "ascent": -32768,
            "height": 0,
            "chars": [
                "\uF831"
            ]
        },
        {
            "type": "bitmap",
            "file": "omega:font/space_nosplit.png",
            "ascent": -32768,
            "height": 1,
            "chars": [
                "\uF832"
            ]
        },
        {
            "type": "bitmap",
            "file": "omega:font/space_nosplit.png",
            "ascent": -32768,
            "height": 2,
            "chars": [
                "\uF833"
            ]
        },
        {
            "type": "bitmap",
            "file": "omega:font/space_nosplit.png",
            "ascent": -32768,
            "height": 3,
            "chars": [
                "\uF834"
            ]
        },
        {
            "type": "bitmap",
            "file": "omega:font/space_nosplit.png",
            "ascent": -32768,
            "height": 4,
            "chars": [
                "\uF835"
            ]
        },
        {
            "type": "bitmap",
            "file": "omega:font/space_nosplit.png",
            "ascent": -32768,
            "height": 5,
            "chars": [
                "\uF836"
            ]
        },
        {
            "type": "bitmap",
            "file": "omega:font/space_nosplit.png",
            "ascent": -32768,
            "height": 6,
            "chars": [
                "\uF837"
            ]
        },
        {
            "type": "bitmap",
            "file": "omega:font/space_nosplit.png",
            "ascent": -32768,
            "height": 7,
            "chars": [
                "\uF838"
            ]
        },
        {
            "type": "bitmap",
            "file": "omega:font/space_nosplit.png",
            "ascent": -32768,
            "height": 15,
            "chars": [
                "\uF839"
            ]
        },
        {
            "type": "bitmap",
            "file": "omega:font/space_nosplit.png",
            "ascent": -32768,
            "height": 31,
            "chars": [
                "\uF83A"
            ]
        },
        {
            "type": "bitmap",
            "file": "omega:font/space_nosplit.png",
            "ascent": -32768,
            "height": 63,
            "chars": [
                "\uF83B"
            ]
        },
        {
            "type": "bitmap",
            "file": "omega:font/space_nosplit.png",
            "ascent": -32768,
            "height": 127,
            "chars": [
                "\uF83C"
            ]
        },
        {
            "type": "bitmap",
            "file": "omega:font/space_nosplit.png",
            "ascent": -32768,
            "height": 255,
            "chars": [
                "\uF83D"
            ]
        },
        {
            "type": "bitmap",
            "file": "omega:font/space_nosplit.png",
            "ascent": -32768,
            "height": 511,
            "chars": [
                "\uF83E"
            ]
        },
        {
            "type": "bitmap",
            "file": "omega:font/space_nosplit.png",
            "ascent": -32768,
            "height": 1023,
            "chars": [
                "\uF83F"
            ]
        },
        {
            "type": "bitmap",
            "file": "omega:font/space_nosplit.png",
            "ascent": -65536,
            "height": 32767,
            "chars": [
                "\uF830"
            ]
        },
        {
            "type": "bitmap",
            "file": "omega:font/icons/owner.png",
            "ascent": 8,
            "height": 8,
            "chars": [
                "\uF840"
            ]
        },
        {
            "type": "bitmap",
            "file": "omega:font/icons/manager.png",
            "ascent": 8,
            "height": 8,
            "chars": [
                "\uF841"
            ]
        },
        {
            "type": "bitmap",
            "file": "omega:font/icons/dev.png",
            "ascent": 8,
            "height": 8,
            "chars": [
                "\uF842"
            ]
        },
        {
            "type": "bitmap",
            "file": "omega:font/icons/admin.png",
            "ascent": 8,
            "height": 8,
            "chars": [
                "\uF843"
            ]
        },
        {
            "type": "bitmap",
            "file": "omega:font/icons/snrmod.png",
            "ascent": 8,
            "height": 8,
            "chars": [
                "\uF844"
            ]
        },
        {
            "type": "bitmap",
            "file": "omega:font/icons/mod.png",
            "ascent": 8,
            "height": 8,
            "chars": [
                "\uF845"
            ]
        },
        {
            "type": "bitmap",
            "file": "omega:font/icons/helper.png",
            "ascent": 8,
            "height": 8,
            "chars": [
                "\uF846"
            ]
        },
        {
            "type": "bitmap",
            "file": "omega:font/icons/patron.png",
            "ascent": 8,
            "height": 8,
            "chars": [
                "\uF848"
            ]
        },
        {
            "type": "bitmap",
            "file": "omega:font/icons/survivor.png",
            "ascent": 8,
            "height": 8,
            "chars": [
                "\uF84b"
            ]
        },
        {
            "type": "bitmap",
            "file": "omega:font/icons/hunter.png",
            "ascent": 8,
            "height": 8,
            "chars": [
                "\uF84c"
            ]
        },
        {
            "type": "bitmap",
            "file": "omega:font/icons/fighter.png",
            "ascent": 8,
            "height": 8,
            "chars": [
                "\uF84d"
            ]
        },
        {
            "type": "bitmap",
            "file": "omega:font/icons/salvager.png",
            "ascent": 8,
            "height": 8,
            "chars": [
                "\uF84e"
            ]
        },
        {
            "type": "bitmap",
            "file": "omega:font/icons/forager.png",
            "ascent": 8,
            "height": 8,
            "chars": [
                "\uF84f"
            ]
        },
        {
            "type": "bitmap",
            "file": "omega:font/icons/tracker.png",
            "ascent": 8,
            "height": 8,
            "chars": [
                "\uF850"
            ]
        },
        {
            "type": "bitmap",
            "file": "omega:font/icons/citizen.png",
            "ascent": 8,
            "height": 8,
            "chars": [
                "\uF84a"
            ]
        },
	{
	    "type": "bitmap",
	    "file": "omega:font/guis/quests.png",
	    "height": 195,
	    "ascent": 65,
	    "chars": ["\uF851"]
	},
        {
	    "type": "bitmap",
	    "file": "omega:font/guis/menu.png",
	    "height": 195,
	    "ascent": 64,
	    "chars": ["\uF852"]
	},
        {
	    "type": "bitmap",
	    "file": "omega:font/guis/shop.png",
	    "height": 195,
	    "ascent": 64,
	    "chars": ["\uF85a"]
	},
        {
	    "type": "bitmap",
	    "file": "omega:font/guis/trader.png",
	    "height": 195,
	    "ascent": 64,
	    "chars": ["\uF85b"]
	},
        {
	    "type": "bitmap",
	    "file": "omega:font/guis/craft.png",
	    "height": 195,
	    "ascent": 64,
	    "chars": ["\uF85c"]
	},
		{
			"type": "bitmap",
			"file": "omega:font/guis/supplydrop.png",
			"height": 195,
			"ascent": 65,
			"chars": ["\u0505"]
		},
		{
			"type": "bitmap",
			"file": "omega:font/guis/fast_travel.png",
			"height": 195,
			"ascent": 65,
			"chars": ["\u0506"]
		},
		{
			"type": "bitmap",
			"file": "omega:font/guis/spawn_selection.png",
			"height": 195,
			"ascent": 65,
			"chars": ["\u0507"]
		},
		{
			"type": "bitmap",
			"file": "omega:font/guis/bedkeeper_confirmation.png",
			"height": 195,
			"ascent": 65,
			"chars": ["\u0508"]
		}                                                                                    
    ]
}