{
	"credit": "Made with Blockbench",
	"textures": {
		"0": "block/chiseled_bookshelf/type2/chiseled_bookshelf_type2_side",
		"1": "block/chiseled_bookshelf/type2/chiseled_bookshelf_type2_top",
		"particle": "block/chiseled_bookshelf/type2/chiseled_bookshelf_type2_side"
	},
	"elements": [
		{
			"from": [0, 0, 0],
			"to": [16, 16, 16],
			"faces": {
				"east": {"uv": [0, 0, 16, 16], "texture": "#0", "cullface": "east"},
				"west": {"uv": [0, 0, 16, 16], "texture": "#0", "cullface": "west"},
				"up": {"uv": [0, 0, 16, 16], "texture": "#1", "cullface": "up"},
				"down": {"uv": [0, 0, 16, 16], "texture": "#1", "cullface": "down"}
			}
		}
	]
}